district,fiscal_year,remittance_musd,source_pdf
Bagerhat,FY2017-18,50.6,report_june2025.pdf
Bandarban,FY2017-18,14.6,report_june2025.pdf
Barguna,FY2017-18,46.4,report_june2025.pdf
Barisal,FY2017-18,174.8,report_june2025.pdf
Bhola,FY2017-18,87.3,report_june2025.pdf
Bogura,FY2017-18,142.7,report_june2025.pdf
Brahmanbaria,FY2017-18,644.1,report_june2025.pdf
Chandpur,FY2017-18,479.6,report_june2025.pdf
Chapainawabganj,FY2017-18,83.9,report_june2025.pdf
Chattogram,FY2017-18,1156.9,report_june2025.pdf
Chuadanga,FY2017-18,57.0,report_june2025.pdf
Comilla,FY2017-18,1122.3,report_june2025.pdf
Coxsbazar,FY2017-18,130.9,report_june2025.pdf
Dhaka,FY2017-18,3238.5,report_june2025.pdf
Dinajpur,FY2017-18,136.2,report_june2025.pdf
Faridpur,FY2017-18,195.2,report_june2025.pdf
Feni,FY2017-18,394.6,report_june2025.pdf
Gaibandha,FY2017-18,57.7,report_june2025.pdf
Gazipur,FY2017-18,272.8,report_june2025.pdf
Gopalganj,FY2017-18,62.3,report_june2025.pdf
Habiganj,FY2017-18,227.1,report_june2025.pdf
Jamalpur,FY2017-18,98.2,report_june2025.pdf
Jashore,FY2017-18,143.6,report_june2025.pdf
Jhalokati,FY2017-18,37.3,report_june2025.pdf
Jhenaidah,FY2017-18,75.3,report_june2025.pdf
Joypurhat,FY2017-18,61.2,report_june2025.pdf
Khagrachhari,FY2017-18,21.9,report_june2025.pdf
Khulna,FY2017-18,108.8,report_june2025.pdf
Kishoreganj,FY2017-18,230.7,report_june2025.pdf
Kurigram,FY2017-18,28.7,report_june2025.pdf
Kushtia,FY2017-18,107.1,report_june2025.pdf
Lakshmipur,FY2017-18,310.9,report_june2025.pdf
Lalmonirhat,FY2017-18,16.9,report_june2025.pdf
Madaripur,FY2017-18,189.8,report_june2025.pdf
Magura,FY2017-18,44.1,report_june2025.pdf
Manikganj,FY2017-18,202.8,report_june2025.pdf
Meherpur,FY2017-18,60.5,report_june2025.pdf
Moulvibazar,FY2017-18,359.7,report_june2025.pdf
Munshiganj,FY2017-18,289.3,report_june2025.pdf
Mymensingh,FY2017-18,180.3,report_june2025.pdf
Naogaon,FY2017-18,78.9,report_june2025.pdf
Narail,FY2017-18,39.7,report_june2025.pdf
Narayanganj,FY2017-18,317.3,report_june2025.pdf
Narsingdi,FY2017-18,276.7,report_june2025.pdf
Natore,FY2017-18,50.7,report_june2025.pdf
Netrokona,FY2017-18,40.2,report_june2025.pdf
Nilphamari,FY2017-18,36.7,report_june2025.pdf
Noakhali,FY2017-18,495.5,report_june2025.pdf
Pabna,FY2017-18,128.3,report_june2025.pdf
Panchagarh,FY2017-18,15.2,report_june2025.pdf
Patuakhali,FY2017-18,52.8,report_june2025.pdf
Pirojpur,FY2017-18,70.0,report_june2025.pdf
Rajbari,FY2017-18,70.6,report_june2025.pdf
Rajshahi,FY2017-18,73.2,report_june2025.pdf
Rangamati,FY2017-18,17.0,report_june2025.pdf
Rangpur,FY2017-18,56.6,report_june2025.pdf
Satkhira,FY2017-18,78.8,report_june2025.pdf
Shariatpur,FY2017-18,172.7,report_june2025.pdf
Sherpur,FY2017-18,24.3,report_june2025.pdf
Sirajganj,FY2017-18,79.4,report_june2025.pdf
Sunamganj,FY2017-18,190.2,report_june2025.pdf
Sylhet,FY2017-18,905.6,report_june2025.pdf
Tangail,FY2017-18,348.0,report_june2025.pdf
Thakurgaon,FY2017-18,20.9,report_june2025.pdf
Bagerhat,FY2018-19,47.6,report_june2025.pdf
Bandarban,FY2018-19,15.7,report_june2025.pdf
Barguna,FY2018-19,47.6,report_june2025.pdf
Barisal,FY2018-19,188.8,report_june2025.pdf
Bhola,FY2018-19,81.6,report_june2025.pdf
Bogura,FY2018-19,158.8,report_june2025.pdf
Brahmanbaria,FY2018-19,704.9,report_june2025.pdf
Chandpur,FY2018-19,494.8,report_june2025.pdf
Chapainawabganj,FY2018-19,76.1,report_june2025.pdf
Chattogram,FY2018-19,1222.8,report_june2025.pdf
Chuadanga,FY2018-19,61.8,report_june2025.pdf
Comilla,FY2018-19,1195.9,report_june2025.pdf
Coxsbazar,FY2018-19,143.1,report_june2025.pdf
Dhaka,FY2018-19,3598.7,report_june2025.pdf
Dinajpur,FY2018-19,172.1,report_june2025.pdf
Faridpur,FY2018-19,238.5,report_june2025.pdf
Feni,FY2018-19,448.3,report_june2025.pdf
Gaibandha,FY2018-19,68.3,report_june2025.pdf
Gazipur,FY2018-19,320.5,report_june2025.pdf
Gopalganj,FY2018-19,76.1,report_june2025.pdf
Habiganj,FY2018-19,252.9,report_june2025.pdf
Jamalpur,FY2018-19,115.9,report_june2025.pdf
Jashore,FY2018-19,165.0,report_june2025.pdf
Jhalokati,FY2018-19,44.2,report_june2025.pdf
Jhenaidah,FY2018-19,90.9,report_june2025.pdf
Joypurhat,FY2018-19,34.0,report_june2025.pdf
Khagrachhari,FY2018-19,26.0,report_june2025.pdf
Khulna,FY2018-19,118.2,report_june2025.pdf
Kishoreganj,FY2018-19,263.4,report_june2025.pdf
Kurigram,FY2018-19,32.1,report_june2025.pdf
Kushtia,FY2018-19,126.7,report_june2025.pdf
Lakshmipur,FY2018-19,337.4,report_june2025.pdf
Lalmonirhat,FY2018-19,19.0,report_june2025.pdf
Madaripur,FY2018-19,208.2,report_june2025.pdf
Magura,FY2018-19,47.0,report_june2025.pdf
Manikganj,FY2018-19,225.6,report_june2025.pdf
Meherpur,FY2018-19,65.5,report_june2025.pdf
Moulvibazar,FY2018-19,361.7,report_june2025.pdf
Munshiganj,FY2018-19,323.7,report_june2025.pdf
Mymensingh,FY2018-19,210.7,report_june2025.pdf
Naogaon,FY2018-19,87.5,report_june2025.pdf
Narail,FY2018-19,43.8,report_june2025.pdf
Narayanganj,FY2018-19,357.2,report_june2025.pdf
Narsingdi,FY2018-19,315.6,report_june2025.pdf
Natore,FY2018-19,55.3,report_june2025.pdf
Netrokona,FY2018-19,48.2,report_june2025.pdf
Nilphamari,FY2018-19,47.7,report_june2025.pdf
Noakhali,FY2018-19,546.4,report_june2025.pdf
Pabna,FY2018-19,140.3,report_june2025.pdf
Panchagarh,FY2018-19,17.3,report_june2025.pdf
Patuakhali,FY2018-19,56.7,report_june2025.pdf
Pirojpur,FY2018-19,79.7,report_june2025.pdf
Rajbari,FY2018-19,80.7,report_june2025.pdf
Rajshahi,FY2018-19,81.6,report_june2025.pdf
Rangamati,FY2018-19,22.4,report_june2025.pdf
Rangpur,FY2018-19,60.0,report_june2025.pdf
Satkhira,FY2018-19,79.2,report_june2025.pdf
Shariatpur,FY2018-19,184.6,report_june2025.pdf
Sherpur,FY2018-19,29.1,report_june2025.pdf
Sirajganj,FY2018-19,86.5,report_june2025.pdf
Sunamganj,FY2018-19,214.1,report_june2025.pdf
Sylhet,FY2018-19,942.3,report_june2025.pdf
Tangail,FY2018-19,391.1,report_june2025.pdf
Thakurgaon,FY2018-19,22.3,report_june2025.pdf
Bagerhat,FY2019-20,53.5,report_june2025.pdf
Bandarban,FY2019-20,16.6,report_june2025.pdf
Barguna,FY2019-20,50.3,report_june2025.pdf
Barisal,FY2019-20,220.5,report_june2025.pdf
Bhola,FY2019-20,80.8,report_june2025.pdf
Bogura,FY2019-20,160.3,report_june2025.pdf
Brahmanbaria,FY2019-20,701.3,report_june2025.pdf
Chandpur,FY2019-20,506.9,report_june2025.pdf
Chapainawabganj,FY2019-20,81.7,report_june2025.pdf
Chattogram,FY2019-20,1277.7,report_june2025.pdf
Chuadanga,FY2019-20,66.8,report_june2025.pdf
Comilla,FY2019-20,1215.9,report_june2025.pdf
Coxsbazar,FY2019-20,161.4,report_june2025.pdf
Dhaka,FY2019-20,4607.6,report_june2025.pdf
Dinajpur,FY2019-20,229.9,report_june2025.pdf
Faridpur,FY2019-20,256.6,report_june2025.pdf
Feni,FY2019-20,493.9,report_june2025.pdf
Gaibandha,FY2019-20,70.0,report_june2025.pdf
Gazipur,FY2019-20,341.3,report_june2025.pdf
Gopalganj,FY2019-20,77.1,report_june2025.pdf
Habiganj,FY2019-20,263.5,report_june2025.pdf
Jamalpur,FY2019-20,125.3,report_june2025.pdf
Jashore,FY2019-20,166.8,report_june2025.pdf
Jhalokati,FY2019-20,39.7,report_june2025.pdf
Jhenaidah,FY2019-20,90.8,report_june2025.pdf
Joypurhat,FY2019-20,31.5,report_june2025.pdf
Khagrachhari,FY2019-20,25.7,report_june2025.pdf
Khulna,FY2019-20,158.9,report_june2025.pdf
Kishoreganj,FY2019-20,267.9,report_june2025.pdf
Kurigram,FY2019-20,32.1,report_june2025.pdf
Kushtia,FY2019-20,138.6,report_june2025.pdf
Lakshmipur,FY2019-20,372.1,report_june2025.pdf
Lalmonirhat,FY2019-20,16.6,report_june2025.pdf
Madaripur,FY2019-20,204.1,report_june2025.pdf
Magura,FY2019-20,45.5,report_june2025.pdf
Manikganj,FY2019-20,266.6,report_june2025.pdf
Meherpur,FY2019-20,72.4,report_june2025.pdf
Moulvibazar,FY2019-20,379.4,report_june2025.pdf
Munshiganj,FY2019-20,343.1,report_june2025.pdf
Mymensingh,FY2019-20,228.0,report_june2025.pdf
Naogaon,FY2019-20,94.0,report_june2025.pdf
Narail,FY2019-20,43.6,report_june2025.pdf
Narayanganj,FY2019-20,391.8,report_june2025.pdf
Narsingdi,FY2019-20,346.2,report_june2025.pdf
Natore,FY2019-20,52.8,report_june2025.pdf
Netrokona,FY2019-20,46.6,report_june2025.pdf
Nilphamari,FY2019-20,51.1,report_june2025.pdf
Noakhali,FY2019-20,596.6,report_june2025.pdf
Pabna,FY2019-20,138.2,report_june2025.pdf
Panchagarh,FY2019-20,12.9,report_june2025.pdf
Patuakhali,FY2019-20,52.7,report_june2025.pdf
Pirojpur,FY2019-20,80.7,report_june2025.pdf
Rajbari,FY2019-20,79.9,report_june2025.pdf
Rajshahi,FY2019-20,97.4,report_june2025.pdf
Rangamati,FY2019-20,22.3,report_june2025.pdf
Rangpur,FY2019-20,69.1,report_june2025.pdf
Satkhira,FY2019-20,87.3,report_june2025.pdf
Shariatpur,FY2019-20,175.2,report_june2025.pdf
Sherpur,FY2019-20,29.7,report_june2025.pdf
Sirajganj,FY2019-20,92.9,report_june2025.pdf
Sunamganj,FY2019-20,223.4,report_june2025.pdf
Sylhet,FY2019-20,1032.9,report_june2025.pdf
Tangail,FY2019-20,429.8,report_june2025.pdf
Thakurgaon,FY2019-20,19.3,report_june2025.pdf
Bagerhat,FY2020-21,65.6,report_june2025.pdf
Bandarban,FY2020-21,25.7,report_june2025.pdf
Barguna,FY2020-21,64.5,report_june2025.pdf
Barisal,FY2020-21,255.5,report_june2025.pdf
Bhola,FY2020-21,106.2,report_june2025.pdf
Bogura,FY2020-21,218.2,report_june2025.pdf
Brahmanbaria,FY2020-21,787.3,report_june2025.pdf
Chandpur,FY2020-21,618.6,report_june2025.pdf
Chapainawabganj,FY2020-21,93.6,report_june2025.pdf
Chattogram,FY2020-21,1392.8,report_june2025.pdf
Chuadanga,FY2020-21,97.8,report_june2025.pdf
Comilla,FY2020-21,1394.8,report_june2025.pdf
Coxsbazar,FY2020-21,198.1,report_june2025.pdf
Dhaka,FY2020-21,8021.6,report_june2025.pdf
Dinajpur,FY2020-21,312.2,report_june2025.pdf
Faridpur,FY2020-21,317.3,report_june2025.pdf
Feni,FY2020-21,576.6,report_june2025.pdf
Gaibandha,FY2020-21,97.7,report_june2025.pdf
Gazipur,FY2020-21,445.1,report_june2025.pdf
Gopalganj,FY2020-21,115.6,report_june2025.pdf
Habiganj,FY2020-21,309.1,report_june2025.pdf
Jamalpur,FY2020-21,167.8,report_june2025.pdf
Jashore,FY2020-21,235.7,report_june2025.pdf
Jhalokati,FY2020-21,52.7,report_june2025.pdf
Jhenaidah,FY2020-21,110.4,report_june2025.pdf
Joypurhat,FY2020-21,41.5,report_june2025.pdf
Khagrachhari,FY2020-21,29.4,report_june2025.pdf
Khulna,FY2020-21,174.6,report_june2025.pdf
Kishoreganj,FY2020-21,342.6,report_june2025.pdf
Kurigram,FY2020-21,37.1,report_june2025.pdf
Kushtia,FY2020-21,182.4,report_june2025.pdf
Lakshmipur,FY2020-21,445.9,report_june2025.pdf
Lalmonirhat,FY2020-21,16.9,report_june2025.pdf
Madaripur,FY2020-21,254.2,report_june2025.pdf
Magura,FY2020-21,53.5,report_june2025.pdf
Manikganj,FY2020-21,307.4,report_june2025.pdf
Meherpur,FY2020-21,86.5,report_june2025.pdf
Moulvibazar,FY2020-21,469.8,report_june2025.pdf
Munshiganj,FY2020-21,454.6,report_june2025.pdf
Mymensingh,FY2020-21,303.1,report_june2025.pdf
Naogaon,FY2020-21,125.3,report_june2025.pdf
Narail,FY2020-21,57.8,report_june2025.pdf
Narayanganj,FY2020-21,497.6,report_june2025.pdf
Narsingdi,FY2020-21,409.5,report_june2025.pdf
Natore,FY2020-21,66.7,report_june2025.pdf
Netrokona,FY2020-21,66.3,report_june2025.pdf
Nilphamari,FY2020-21,78.4,report_june2025.pdf
Noakhali,FY2020-21,723.1,report_june2025.pdf
Pabna,FY2020-21,187.9,report_june2025.pdf
Panchagarh,FY2020-21,21.8,report_june2025.pdf
Patuakhali,FY2020-21,77.6,report_june2025.pdf
Pirojpur,FY2020-21,104.3,report_june2025.pdf
Rajbari,FY2020-21,95.7,report_june2025.pdf
Rajshahi,FY2020-21,123.9,report_june2025.pdf
Rangamati,FY2020-21,29.6,report_june2025.pdf
Rangpur,FY2020-21,91.0,report_june2025.pdf
Satkhira,FY2020-21,119.7,report_june2025.pdf
Shariatpur,FY2020-21,222.0,report_june2025.pdf
Sherpur,FY2020-21,36.8,report_june2025.pdf
Sirajganj,FY2020-21,134.5,report_june2025.pdf
Sunamganj,FY2020-21,292.9,report_june2025.pdf
Sylhet,FY2020-21,1372.7,report_june2025.pdf
Tangail,FY2020-21,534.1,report_june2025.pdf
Thakurgaon,FY2020-21,28.5,report_june2025.pdf
Bagerhat,FY2021-22,60.1,report_june2025.pdf
Bandarban,FY2021-22,16.2,report_june2025.pdf
Barguna,FY2021-22,52.6,report_june2025.pdf
Barisal,FY2021-22,222.1,report_june2025.pdf
Bhola,FY2021-22,87.9,report_june2025.pdf
Bogura,FY2021-22,186.4,report_june2025.pdf
Brahmanbaria,FY2021-22,688.9,report_june2025.pdf
Chandpur,FY2021-22,516.5,report_june2025.pdf
Chapainawabganj,FY2021-22,91.4,report_june2025.pdf
Chattogram,FY2021-22,1218.9,report_june2025.pdf
Chuadanga,FY2021-22,65.9,report_june2025.pdf
Comilla,FY2021-22,1195.6,report_june2025.pdf
Coxsbazar,FY2021-22,170.8,report_june2025.pdf
Dhaka,FY2021-22,6367.0,report_june2025.pdf
Dinajpur,FY2021-22,297.7,report_june2025.pdf
Faridpur,FY2021-22,307.0,report_june2025.pdf
Feni,FY2021-22,513.8,report_june2025.pdf
Gaibandha,FY2021-22,90.3,report_june2025.pdf
Gazipur,FY2021-22,408.0,report_june2025.pdf
Gopalganj,FY2021-22,93.2,report_june2025.pdf
Habiganj,FY2021-22,283.0,report_june2025.pdf
Jamalpur,FY2021-22,151.7,report_june2025.pdf
Jashore,FY2021-22,199.8,report_june2025.pdf
Jhalokati,FY2021-22,40.4,report_june2025.pdf
Jhenaidah,FY2021-22,76.0,report_june2025.pdf
Joypurhat,FY2021-22,47.5,report_june2025.pdf
Khagrachhari,FY2021-22,25.0,report_june2025.pdf
Khulna,FY2021-22,171.8,report_june2025.pdf
Kishoreganj,FY2021-22,289.6,report_june2025.pdf
Kurigram,FY2021-22,31.1,report_june2025.pdf
Kushtia,FY2021-22,147.1,report_june2025.pdf
Lakshmipur,FY2021-22,403.5,report_june2025.pdf
Lalmonirhat,FY2021-22,17.3,report_june2025.pdf
Madaripur,FY2021-22,260.8,report_june2025.pdf
Magura,FY2021-22,44.8,report_june2025.pdf
Manikganj,FY2021-22,265.9,report_june2025.pdf
Meherpur,FY2021-22,77.1,report_june2025.pdf
Moulvibazar,FY2021-22,498.9,report_june2025.pdf
Munshiganj,FY2021-22,396.1,report_june2025.pdf
Mymensingh,FY2021-22,263.2,report_june2025.pdf
Naogaon,FY2021-22,110.6,report_june2025.pdf
Narail,FY2021-22,43.8,report_june2025.pdf
Narayanganj,FY2021-22,421.0,report_june2025.pdf
Narsingdi,FY2021-22,345.3,report_june2025.pdf
Natore,FY2021-22,53.4,report_june2025.pdf
Netrokona,FY2021-22,47.6,report_june2025.pdf
Nilphamari,FY2021-22,80.4,report_june2025.pdf
Noakhali,FY2021-22,643.2,report_june2025.pdf
Pabna,FY2021-22,160.4,report_june2025.pdf
Panchagarh,FY2021-22,17.4,report_june2025.pdf
Patuakhali,FY2021-22,63.2,report_june2025.pdf
Pirojpur,FY2021-22,84.7,report_june2025.pdf
Rajbari,FY2021-22,79.4,report_june2025.pdf
Rajshahi,FY2021-22,126.9,report_june2025.pdf
Rangamati,FY2021-22,20.8,report_june2025.pdf
Rangpur,FY2021-22,86.2,report_june2025.pdf
Satkhira,FY2021-22,105.2,report_june2025.pdf
Shariatpur,FY2021-22,213.2,report_june2025.pdf
Sherpur,FY2021-22,29.2,report_june2025.pdf
Sirajganj,FY2021-22,116.6,report_june2025.pdf
Sunamganj,FY2021-22,282.6,report_june2025.pdf
Sylhet,FY2021-22,1085.0,report_june2025.pdf
Tangail,FY2021-22,452.6,report_june2025.pdf
Thakurgaon,FY2021-22,22.5,report_june2025.pdf
Bagerhat,FY2022-23,77.5,report_june2025.pdf
Bandarban,FY2022-23,19.9,report_june2025.pdf
Barguna,FY2022-23,57.9,report_june2025.pdf
Barisal,FY2022-23,185.3,report_june2025.pdf
Bhola,FY2022-23,87.6,report_june2025.pdf
Bogura,FY2022-23,150.7,report_june2025.pdf
Brahmanbaria,FY2022-23,645.2,report_june2025.pdf
Chandpur,FY2022-23,558.7,report_june2025.pdf
Chapainawabganj,FY2022-23,102.0,report_june2025.pdf
Chattogram,FY2022-23,1611.8,report_june2025.pdf
Chuadanga,FY2022-23,64.4,report_june2025.pdf
Comilla,FY2022-23,1285.6,report_june2025.pdf
Coxsbazar,FY2022-23,147.9,report_june2025.pdf
Dhaka,FY2022-23,6967.3,report_june2025.pdf
Dinajpur,FY2022-23,74.4,report_june2025.pdf
Faridpur,FY2022-23,227.4,report_june2025.pdf
Feni,FY2022-23,555.1,report_june2025.pdf
Gaibandha,FY2022-23,60.1,report_june2025.pdf
Gazipur,FY2022-23,317.1,report_june2025.pdf
Gopalganj,FY2022-23,86.3,report_june2025.pdf
Habiganj,FY2022-23,324.2,report_june2025.pdf
Jamalpur,FY2022-23,103.9,report_june2025.pdf
Jashore,FY2022-23,212.0,report_june2025.pdf
Jhalokati,FY2022-23,43.9,report_june2025.pdf
Jhenaidah,FY2022-23,67.1,report_june2025.pdf
Joypurhat,FY2022-23,46.4,report_june2025.pdf
Khagrachhari,FY2022-23,24.6,report_june2025.pdf
Khulna,FY2022-23,114.7,report_june2025.pdf
Kishoreganj,FY2022-23,288.4,report_june2025.pdf
Kurigram,FY2022-23,35.7,report_june2025.pdf
Kushtia,FY2022-23,123.0,report_june2025.pdf
Lakshmipur,FY2022-23,382.1,report_june2025.pdf
Lalmonirhat,FY2022-23,20.4,report_june2025.pdf
Madaripur,FY2022-23,275.3,report_june2025.pdf
Magura,FY2022-23,60.8,report_june2025.pdf
Manikganj,FY2022-23,209.2,report_june2025.pdf
Meherpur,FY2022-23,78.8,report_june2025.pdf
Moulvibazar,FY2022-23,579.2,report_june2025.pdf
Munshiganj,FY2022-23,381.4,report_june2025.pdf
Mymensingh,FY2022-23,210.0,report_june2025.pdf
Naogaon,FY2022-23,81.3,report_june2025.pdf
Narail,FY2022-23,47.2,report_june2025.pdf
Narayanganj,FY2022-23,356.1,report_june2025.pdf
Narsingdi,FY2022-23,377.4,report_june2025.pdf
Natore,FY2022-23,53.8,report_june2025.pdf
Netrokona,FY2022-23,52.4,report_june2025.pdf
Nilphamari,FY2022-23,51.7,report_june2025.pdf
Noakhali,FY2022-23,702.2,report_june2025.pdf
Pabna,FY2022-23,128.0,report_june2025.pdf
Panchagarh,FY2022-23,21.1,report_june2025.pdf
Patuakhali,FY2022-23,59.5,report_june2025.pdf
Pirojpur,FY2022-23,89.2,report_june2025.pdf
Rajbari,FY2022-23,86.6,report_june2025.pdf
Rajshahi,FY2022-23,85.9,report_june2025.pdf
Rangamati,FY2022-23,28.4,report_june2025.pdf
Rangpur,FY2022-23,55.6,report_june2025.pdf
Satkhira,FY2022-23,78.7,report_june2025.pdf
Shariatpur,FY2022-23,257.9,report_june2025.pdf
Sherpur,FY2022-23,35.8,report_june2025.pdf
Sirajganj,FY2022-23,90.1,report_june2025.pdf
Sunamganj,FY2022-23,323.9,report_june2025.pdf
Sylhet,FY2022-23,1244.1,report_june2025.pdf
Tangail,FY2022-23,413.1,report_june2025.pdf
Thakurgaon,FY2022-23,27.4,report_june2025.pdf
Bagerhat,FY2023-24,102.1,report_june2025.pdf
Bandarban,FY2023-24,26.8,report_june2025.pdf
Barguna,FY2023-24,62.5,report_june2025.pdf
Barisal,FY2023-24,202.4,report_june2025.pdf
Bhola,FY2023-24,99.5,report_june2025.pdf
Bogura,FY2023-24,144.3,report_june2025.pdf
Brahmanbaria,FY2023-24,615.5,report_june2025.pdf
Chandpur,FY2023-24,571.4,report_june2025.pdf
Chapainawabganj,FY2023-24,113.5,report_june2025.pdf
Chattogram,FY2023-24,2367.4,report_june2025.pdf
Chuadanga,FY2023-24,71.9,report_june2025.pdf
Comilla,FY2023-24,1269.8,report_june2025.pdf
Coxsbazar,FY2023-24,168.7,report_june2025.pdf
Dhaka,FY2023-24,8287.4,report_june2025.pdf
Dinajpur,FY2023-24,49.7,report_june2025.pdf
Faridpur,FY2023-24,233.9,report_june2025.pdf
Feni,FY2023-24,607.4,report_june2025.pdf
Gaibandha,FY2023-24,51.3,report_june2025.pdf
Gazipur,FY2023-24,318.0,report_june2025.pdf
Gopalganj,FY2023-24,105.3,report_june2025.pdf
Habiganj,FY2023-24,312.6,report_june2025.pdf
Jamalpur,FY2023-24,115.3,report_june2025.pdf
Jashore,FY2023-24,163.9,report_june2025.pdf
Jhalokati,FY2023-24,55.5,report_june2025.pdf
Jhenaidah,FY2023-24,86.4,report_june2025.pdf
Joypurhat,FY2023-24,36.6,report_june2025.pdf
Khagrachhari,FY2023-24,30.2,report_june2025.pdf
Khulna,FY2023-24,118.2,report_june2025.pdf
Kishoreganj,FY2023-24,276.9,report_june2025.pdf
Kurigram,FY2023-24,34.9,report_june2025.pdf
Kushtia,FY2023-24,130.9,report_june2025.pdf
Lakshmipur,FY2023-24,357.2,report_june2025.pdf
Lalmonirhat,FY2023-24,18.6,report_june2025.pdf
Madaripur,FY2023-24,337.7,report_june2025.pdf
Magura,FY2023-24,57.8,report_june2025.pdf
Manikganj,FY2023-24,188.6,report_june2025.pdf
Meherpur,FY2023-24,70.8,report_june2025.pdf
Moulvibazar,FY2023-24,568.4,report_june2025.pdf
Munshiganj,FY2023-24,391.9,report_june2025.pdf
Mymensingh,FY2023-24,209.3,report_june2025.pdf
Naogaon,FY2023-24,75.1,report_june2025.pdf
Narail,FY2023-24,48.0,report_june2025.pdf
Narayanganj,FY2023-24,369.6,report_june2025.pdf
Narsingdi,FY2023-24,377.8,report_june2025.pdf
Natore,FY2023-24,62.0,report_june2025.pdf
Netrokona,FY2023-24,51.7,report_june2025.pdf
Nilphamari,FY2023-24,37.1,report_june2025.pdf
Noakhali,FY2023-24,746.8,report_june2025.pdf
Pabna,FY2023-24,128.8,report_june2025.pdf
Panchagarh,FY2023-24,24.3,report_june2025.pdf
Patuakhali,FY2023-24,63.0,report_june2025.pdf
Pirojpur,FY2023-24,77.5,report_june2025.pdf
Rajbari,FY2023-24,93.8,report_june2025.pdf
Rajshahi,FY2023-24,85.3,report_june2025.pdf
Rangamati,FY2023-24,19.6,report_june2025.pdf
Rangpur,FY2023-24,59.4,report_june2025.pdf
Satkhira,FY2023-24,76.9,report_june2025.pdf
Shariatpur,FY2023-24,287.3,report_june2025.pdf
Sherpur,FY2023-24,31.7,report_june2025.pdf
Sirajganj,FY2023-24,86.1,report_june2025.pdf
Sunamganj,FY2023-24,322.9,report_june2025.pdf
Sylhet,FY2023-24,1339.3,report_june2025.pdf
Tangail,FY2023-24,391.7,report_june2025.pdf
Thakurgaon,FY2023-24,26.1,report_june2025.pdf
Bagerhat,FY2024-25,92.5,report_july2025.pdf
Bandarban,FY2024-25,26.7,report_july2025.pdf
Barguna,FY2024-25,83.8,report_july2025.pdf
Barisal,FY2024-25,337.0,report_july2025.pdf
Bhola,FY2024-25,136.9,report_july2025.pdf
Bogura,FY2024-25,209.3,report_july2025.pdf
Brahmanbaria,FY2024-25,832.4,report_july2025.pdf
Chandpur,FY2024-25,795.7,report_july2025.pdf
Chapainawabganj,FY2024-25,140.4,report_july2025.pdf
Chattogram,FY2024-25,2442.5,report_july2025.pdf
Chuadanga,FY2024-25,138.5,report_july2025.pdf
Comilla,FY2024-25,1567.2,report_july2025.pdf
Coxsbazar,FY2024-25,190.8,report_july2025.pdf
Dhaka,FY2024-25,10569.1,report_july2025.pdf
Dinajpur,FY2024-25,77.2,report_july2025.pdf
Faridpur,FY2024-25,325.7,report_july2025.pdf
Feni,FY2024-25,873.5,report_july2025.pdf
Gaibandha,FY2024-25,80.1,report_july2025.pdf
Gazipur,FY2024-25,438.5,report_july2025.pdf
Gopalganj,FY2024-25,181.4,report_july2025.pdf
Habiganj,FY2024-25,365.8,report_july2025.pdf
Jamalpur,FY2024-25,170.1,report_july2025.pdf
Jashore,FY2024-25,233.5,report_july2025.pdf
Jhalokati,FY2024-25,77.5,report_july2025.pdf
Jhenaidah,FY2024-25,129.6,report_july2025.pdf
Joypurhat,FY2024-25,42.6,report_july2025.pdf
Khagrachhari,FY2024-25,44.2,report_july2025.pdf
Khulna,FY2024-25,174.6,report_july2025.pdf
Kishoreganj,FY2024-25,440.3,report_july2025.pdf
Kurigram,FY2024-25,53.4,report_july2025.pdf
Kushtia,FY2024-25,206.0,report_july2025.pdf
Lakshmipur,FY2024-25,480.0,report_july2025.pdf
Lalmonirhat,FY2024-25,25.3,report_july2025.pdf
Madaripur,FY2024-25,453.4,report_july2025.pdf
Magura,FY2024-25,78.2,report_july2025.pdf
Manikganj,FY2024-25,291.8,report_july2025.pdf
Meherpur,FY2024-25,107.9,report_july2025.pdf
Moulvibazar,FY2024-25,549.7,report_july2025.pdf
Munshiganj,FY2024-25,514.9,report_july2025.pdf
Mymensingh,FY2024-25,317.1,report_july2025.pdf
Naogaon,FY2024-25,113.1,report_july2025.pdf
Narail,FY2024-25,60.8,report_july2025.pdf
Narayanganj,FY2024-25,469.3,report_july2025.pdf
Narsingdi,FY2024-25,495.0,report_july2025.pdf
Natore,FY2024-25,82.0,report_july2025.pdf
Netrokona,FY2024-25,73.2,report_july2025.pdf
Nilphamari,FY2024-25,46.8,report_july2025.pdf
Noakhali,FY2024-25,904.3,report_july2025.pdf
Pabna,FY2024-25,178.1,report_july2025.pdf
Panchagarh,FY2024-25,32.6,report_july2025.pdf
Patuakhali,FY2024-25,91.2,report_july2025.pdf
Pirojpur,FY2024-25,115.1,report_july2025.pdf
Rajbari,FY2024-25,128.3,report_july2025.pdf
Rajshahi,FY2024-25,127.1,report_july2025.pdf
Rangamati,FY2024-25,27.8,report_july2025.pdf
Rangpur,FY2024-25,112.2,report_july2025.pdf
Satkhira,FY2024-25,107.7,report_july2025.pdf
Shariatpur,FY2024-25,326.9,report_july2025.pdf
Sherpur,FY2024-25,47.9,report_july2025.pdf
Sirajganj,FY2024-25,123.7,report_july2025.pdf
Sunamganj,FY2024-25,360.9,report_july2025.pdf
Sylhet,FY2024-25,1362.4,report_july2025.pdf
Tangail,FY2024-25,609.0,report_july2025.pdf
Thakurgaon,FY2024-25,38.2,report_july2025.pdf
