district,fiscal_year,year,month,date,remittance_musd,source_pdf
Bagerhat,FY2024-25,2024,7,2024-07,5.9,districtwise_wayback_2024-11.pdf
Bandarban,FY2024-25,2024,7,2024-07,1.1,districtwise_wayback_2024-11.pdf
Barguna,FY2024-25,2024,7,2024-07,3.9,districtwise_wayback_2024-11.pdf
Barisal,FY2024-25,2024,7,2024-07,16.7,districtwise_wayback_2024-11.pdf
Bhola,FY2024-25,2024,7,2024-07,7.7,districtwise_wayback_2024-11.pdf
Bogura,FY2024-25,2024,7,2024-07,10.5,districtwise_wayback_2024-11.pdf
Brahmanbaria,FY2024-25,2024,7,2024-07,50.8,districtwise_wayback_2024-11.pdf
Chandpur,FY2024-25,2024,7,2024-07,47.6,districtwise_wayback_2024-11.pdf
Chapainawabganj,FY2024-25,2024,7,2024-07,8.5,districtwise_wayback_2024-11.pdf
Chattogram,FY2024-25,2024,7,2024-07,176.8,districtwise_wayback_2024-11.pdf
Chuadanga,FY2024-25,2024,7,2024-07,5.3,districtwise_wayback_2024-11.pdf
Comilla,FY2024-25,2024,7,2024-07,101.7,districtwise_wayback_2024-11.pdf
Coxsbazar,FY2024-25,2024,7,2024-07,12.3,districtwise_wayback_2024-11.pdf
Dhaka,FY2024-25,2024,7,2024-07,710.4,districtwise_wayback_2024-11.pdf
Dinajpur,FY2024-25,2024,7,2024-07,3.9,districtwise_wayback_2024-11.pdf
Faridpur,FY2024-25,2024,7,2024-07,17.2,districtwise_wayback_2024-11.pdf
Feni,FY2024-25,2024,7,2024-07,50.6,districtwise_wayback_2024-11.pdf
Gaibandha,FY2024-25,2024,7,2024-07,3.7,districtwise_wayback_2024-11.pdf
Gazipur,FY2024-25,2024,7,2024-07,23.2,districtwise_wayback_2024-11.pdf
Gopalganj,FY2024-25,2024,7,2024-07,8.8,districtwise_wayback_2024-11.pdf
Habiganj,FY2024-25,2024,7,2024-07,23.7,districtwise_wayback_2024-11.pdf
Jamalpur,FY2024-25,2024,7,2024-07,8.8,districtwise_wayback_2024-11.pdf
Jashore,FY2024-25,2024,7,2024-07,11.2,districtwise_wayback_2024-11.pdf
Jhalokati,FY2024-25,2024,7,2024-07,4.1,districtwise_wayback_2024-11.pdf
Jhenaidah,FY2024-25,2024,7,2024-07,6.8,districtwise_wayback_2024-11.pdf
Joypurhat,FY2024-25,2024,7,2024-07,2.1,districtwise_wayback_2024-11.pdf
Khagrachhari,FY2024-25,2024,7,2024-07,3.1,districtwise_wayback_2024-11.pdf
Khulna,FY2024-25,2024,7,2024-07,9.9,districtwise_wayback_2024-11.pdf
Kishoreganj,FY2024-25,2024,7,2024-07,23.0,districtwise_wayback_2024-11.pdf
Kurigram,FY2024-25,2024,7,2024-07,2.3,districtwise_wayback_2024-11.pdf
Kushtia,FY2024-25,2024,7,2024-07,9.8,districtwise_wayback_2024-11.pdf
Lakshmipur,FY2024-25,2024,7,2024-07,26.9,districtwise_wayback_2024-11.pdf
Lalmonirhat,FY2024-25,2024,7,2024-07,1.3,districtwise_wayback_2024-11.pdf
Madaripur,FY2024-25,2024,7,2024-07,33.3,districtwise_wayback_2024-11.pdf
Magura,FY2024-25,2024,7,2024-07,4.4,districtwise_wayback_2024-11.pdf
Manikganj,FY2024-25,2024,7,2024-07,13.6,districtwise_wayback_2024-11.pdf
Meherpur,FY2024-25,2024,7,2024-07,6.3,districtwise_wayback_2024-11.pdf
Moulvibazar,FY2024-25,2024,7,2024-07,44.1,districtwise_wayback_2024-11.pdf
Munshiganj,FY2024-25,2024,7,2024-07,31.6,districtwise_wayback_2024-11.pdf
Mymensingh,FY2024-25,2024,7,2024-07,17.0,districtwise_wayback_2024-11.pdf
Naogaon,FY2024-25,2024,7,2024-07,4.9,districtwise_wayback_2024-11.pdf
Narail,FY2024-25,2024,7,2024-07,4.0,districtwise_wayback_2024-11.pdf
Narayanganj,FY2024-25,2024,7,2024-07,29.0,districtwise_wayback_2024-11.pdf
Narsingdi,FY2024-25,2024,7,2024-07,26.7,districtwise_wayback_2024-11.pdf
Natore,FY2024-25,2024,7,2024-07,3.8,districtwise_wayback_2024-11.pdf
Netrokona,FY2024-25,2024,7,2024-07,4.0,districtwise_wayback_2024-11.pdf
Nilphamari,FY2024-25,2024,7,2024-07,3.0,districtwise_wayback_2024-11.pdf
Noakhali,FY2024-25,2024,7,2024-07,54.6,districtwise_wayback_2024-11.pdf
Pabna,FY2024-25,2024,7,2024-07,9.2,districtwise_wayback_2024-11.pdf
Panchagarh,FY2024-25,2024,7,2024-07,1.3,districtwise_wayback_2024-11.pdf
Patuakhali,FY2024-25,2024,7,2024-07,4.4,districtwise_wayback_2024-11.pdf
Pirojpur,FY2024-25,2024,7,2024-07,6.1,districtwise_wayback_2024-11.pdf
Rajbari,FY2024-25,2024,7,2024-07,6.4,districtwise_wayback_2024-11.pdf
Rajshahi,FY2024-25,2024,7,2024-07,7.2,districtwise_wayback_2024-11.pdf
Rangamati,FY2024-25,2024,7,2024-07,1.9,districtwise_wayback_2024-11.pdf
Rangpur,FY2024-25,2024,7,2024-07,6.5,districtwise_wayback_2024-11.pdf
Satkhira,FY2024-25,2024,7,2024-07,6.0,districtwise_wayback_2024-11.pdf
Shariatpur,FY2024-25,2024,7,2024-07,24.1,districtwise_wayback_2024-11.pdf
Sherpur,FY2024-25,2024,7,2024-07,2.9,districtwise_wayback_2024-11.pdf
Sirajganj,FY2024-25,2024,7,2024-07,5.8,districtwise_wayback_2024-11.pdf
Sunamganj,FY2024-25,2024,7,2024-07,24.1,districtwise_wayback_2024-11.pdf
Sylhet,FY2024-25,2024,7,2024-07,94.7,districtwise_wayback_2024-11.pdf
Tangail,FY2024-25,2024,7,2024-07,31.1,districtwise_wayback_2024-11.pdf
Thakurgaon,FY2024-25,2024,7,2024-07,2.1,districtwise_wayback_2024-11.pdf
Bagerhat,FY2024-25,2024,8,2024-08,6.7,districtwise_wayback_2024-11.pdf
Bandarban,FY2024-25,2024,8,2024-08,1.6,districtwise_wayback_2024-11.pdf
Barguna,FY2024-25,2024,8,2024-08,5.0,districtwise_wayback_2024-11.pdf
Barisal,FY2024-25,2024,8,2024-08,25.6,districtwise_wayback_2024-11.pdf
Bhola,FY2024-25,2024,8,2024-08,9.0,districtwise_wayback_2024-11.pdf
Bogura,FY2024-25,2024,8,2024-08,18.7,districtwise_wayback_2024-11.pdf
Brahmanbaria,FY2024-25,2024,8,2024-08,66.4,districtwise_wayback_2024-11.pdf
Chandpur,FY2024-25,2024,8,2024-08,57.9,districtwise_wayback_2024-11.pdf
Chapainawabganj,FY2024-25,2024,8,2024-08,14.9,districtwise_wayback_2024-11.pdf
Chattogram,FY2024-25,2024,8,2024-08,188.8,districtwise_wayback_2024-11.pdf
Chuadanga,FY2024-25,2024,8,2024-08,8.7,districtwise_wayback_2024-11.pdf
Comilla,FY2024-25,2024,8,2024-08,118.3,districtwise_wayback_2024-11.pdf
Coxsbazar,FY2024-25,2024,8,2024-08,16.4,districtwise_wayback_2024-11.pdf
Dhaka,FY2024-25,2024,8,2024-08,715.3,districtwise_wayback_2024-11.pdf
Dinajpur,FY2024-25,2024,8,2024-08,6.5,districtwise_wayback_2024-11.pdf
Faridpur,FY2024-25,2024,8,2024-08,21.7,districtwise_wayback_2024-11.pdf
Feni,FY2024-25,2024,8,2024-08,58.9,districtwise_wayback_2024-11.pdf
Gaibandha,FY2024-25,2024,8,2024-08,6.1,districtwise_wayback_2024-11.pdf
Gazipur,FY2024-25,2024,8,2024-08,25.6,districtwise_wayback_2024-11.pdf
Gopalganj,FY2024-25,2024,8,2024-08,11.6,districtwise_wayback_2024-11.pdf
Habiganj,FY2024-25,2024,8,2024-08,29.0,districtwise_wayback_2024-11.pdf
Jamalpur,FY2024-25,2024,8,2024-08,13.4,districtwise_wayback_2024-11.pdf
Jashore,FY2024-25,2024,8,2024-08,20.2,districtwise_wayback_2024-11.pdf
Jhalokati,FY2024-25,2024,8,2024-08,5.6,districtwise_wayback_2024-11.pdf
Jhenaidah,FY2024-25,2024,8,2024-08,9.2,districtwise_wayback_2024-11.pdf
Joypurhat,FY2024-25,2024,8,2024-08,2.7,districtwise_wayback_2024-11.pdf
Khagrachhari,FY2024-25,2024,8,2024-08,2.4,districtwise_wayback_2024-11.pdf
Khulna,FY2024-25,2024,8,2024-08,15.0,districtwise_wayback_2024-11.pdf
Kishoreganj,FY2024-25,2024,8,2024-08,25.5,districtwise_wayback_2024-11.pdf
Kurigram,FY2024-25,2024,8,2024-08,3.4,districtwise_wayback_2024-11.pdf
Kushtia,FY2024-25,2024,8,2024-08,12.9,districtwise_wayback_2024-11.pdf
Lakshmipur,FY2024-25,2024,8,2024-08,33.2,districtwise_wayback_2024-11.pdf
Lalmonirhat,FY2024-25,2024,8,2024-08,1.5,districtwise_wayback_2024-11.pdf
Madaripur,FY2024-25,2024,8,2024-08,46.3,districtwise_wayback_2024-11.pdf
Magura,FY2024-25,2024,8,2024-08,9.0,districtwise_wayback_2024-11.pdf
Manikganj,FY2024-25,2024,8,2024-08,19.3,districtwise_wayback_2024-11.pdf
Meherpur,FY2024-25,2024,8,2024-08,8.8,districtwise_wayback_2024-11.pdf
Moulvibazar,FY2024-25,2024,8,2024-08,41.6,districtwise_wayback_2024-11.pdf
Munshiganj,FY2024-25,2024,8,2024-08,45.3,districtwise_wayback_2024-11.pdf
Mymensingh,FY2024-25,2024,8,2024-08,22.8,districtwise_wayback_2024-11.pdf
Naogaon,FY2024-25,2024,8,2024-08,8.1,districtwise_wayback_2024-11.pdf
Narail,FY2024-25,2024,8,2024-08,6.0,districtwise_wayback_2024-11.pdf
Narayanganj,FY2024-25,2024,8,2024-08,37.9,districtwise_wayback_2024-11.pdf
Narsingdi,FY2024-25,2024,8,2024-08,40.7,districtwise_wayback_2024-11.pdf
Natore,FY2024-25,2024,8,2024-08,10.1,districtwise_wayback_2024-11.pdf
Netrokona,FY2024-25,2024,8,2024-08,4.8,districtwise_wayback_2024-11.pdf
Nilphamari,FY2024-25,2024,8,2024-08,4.3,districtwise_wayback_2024-11.pdf
Noakhali,FY2024-25,2024,8,2024-08,65.1,districtwise_wayback_2024-11.pdf
Pabna,FY2024-25,2024,8,2024-08,12.5,districtwise_wayback_2024-11.pdf
Panchagarh,FY2024-25,2024,8,2024-08,2.6,districtwise_wayback_2024-11.pdf
Patuakhali,FY2024-25,2024,8,2024-08,6.5,districtwise_wayback_2024-11.pdf
Pirojpur,FY2024-25,2024,8,2024-08,6.6,districtwise_wayback_2024-11.pdf
Rajbari,FY2024-25,2024,8,2024-08,9.7,districtwise_wayback_2024-11.pdf
Rajshahi,FY2024-25,2024,8,2024-08,9.9,districtwise_wayback_2024-11.pdf
Rangamati,FY2024-25,2024,8,2024-08,1.8,districtwise_wayback_2024-11.pdf
Rangpur,FY2024-25,2024,8,2024-08,11.1,districtwise_wayback_2024-11.pdf
Satkhira,FY2024-25,2024,8,2024-08,8.7,districtwise_wayback_2024-11.pdf
Shariatpur,FY2024-25,2024,8,2024-08,33.0,districtwise_wayback_2024-11.pdf
Sherpur,FY2024-25,2024,8,2024-08,7.5,districtwise_wayback_2024-11.pdf
Sirajganj,FY2024-25,2024,8,2024-08,11.0,districtwise_wayback_2024-11.pdf
Sunamganj,FY2024-25,2024,8,2024-08,28.0,districtwise_wayback_2024-11.pdf
Sylhet,FY2024-25,2024,8,2024-08,103.8,districtwise_wayback_2024-11.pdf
Tangail,FY2024-25,2024,8,2024-08,40.6,districtwise_wayback_2024-11.pdf
Thakurgaon,FY2024-25,2024,8,2024-08,3.1,districtwise_wayback_2024-11.pdf
Bagerhat,FY2024-25,2024,9,2024-09,8.5,districtwise_wayback_2024-11.pdf
Bandarban,FY2024-25,2024,9,2024-09,1.8,districtwise_wayback_2024-11.pdf
Barguna,FY2024-25,2024,9,2024-09,8.1,districtwise_wayback_2024-11.pdf
Barisal,FY2024-25,2024,9,2024-09,27.8,districtwise_wayback_2024-11.pdf
Bhola,FY2024-25,2024,9,2024-09,11.2,districtwise_wayback_2024-11.pdf
Bogura,FY2024-25,2024,9,2024-09,19.5,districtwise_wayback_2024-11.pdf
Brahmanbaria,FY2024-25,2024,9,2024-09,76.5,districtwise_wayback_2024-11.pdf
Chandpur,FY2024-25,2024,9,2024-09,69.4,districtwise_wayback_2024-11.pdf
Chapainawabganj,FY2024-25,2024,9,2024-09,13.7,districtwise_wayback_2024-11.pdf
Chattogram,FY2024-25,2024,9,2024-09,172.9,districtwise_wayback_2024-11.pdf
Chuadanga,FY2024-25,2024,9,2024-09,10.8,districtwise_wayback_2024-11.pdf
Comilla,FY2024-25,2024,9,2024-09,142.5,districtwise_wayback_2024-11.pdf
Coxsbazar,FY2024-25,2024,9,2024-09,16.3,districtwise_wayback_2024-11.pdf
Dhaka,FY2024-25,2024,9,2024-09,713.0,districtwise_wayback_2024-11.pdf
Dinajpur,FY2024-25,2024,9,2024-09,6.8,districtwise_wayback_2024-11.pdf
Faridpur,FY2024-25,2024,9,2024-09,29.6,districtwise_wayback_2024-11.pdf
Feni,FY2024-25,2024,9,2024-09,62.6,districtwise_wayback_2024-11.pdf
Gaibandha,FY2024-25,2024,9,2024-09,8.3,districtwise_wayback_2024-11.pdf
Gazipur,FY2024-25,2024,9,2024-09,40.4,districtwise_wayback_2024-11.pdf
Gopalganj,FY2024-25,2024,9,2024-09,14.9,districtwise_wayback_2024-11.pdf
Habiganj,FY2024-25,2024,9,2024-09,29.8,districtwise_wayback_2024-11.pdf
Jamalpur,FY2024-25,2024,9,2024-09,13.3,districtwise_wayback_2024-11.pdf
Jashore,FY2024-25,2024,9,2024-09,21.6,districtwise_wayback_2024-11.pdf
Jhalokati,FY2024-25,2024,9,2024-09,7.2,districtwise_wayback_2024-11.pdf
Jhenaidah,FY2024-25,2024,9,2024-09,12.0,districtwise_wayback_2024-11.pdf
Joypurhat,FY2024-25,2024,9,2024-09,4.7,districtwise_wayback_2024-11.pdf
Khagrachhari,FY2024-25,2024,9,2024-09,3.9,districtwise_wayback_2024-11.pdf
Khulna,FY2024-25,2024,9,2024-09,15.0,districtwise_wayback_2024-11.pdf
Kishoreganj,FY2024-25,2024,9,2024-09,35.5,districtwise_wayback_2024-11.pdf
Kurigram,FY2024-25,2024,9,2024-09,5.3,districtwise_wayback_2024-11.pdf
Kushtia,FY2024-25,2024,9,2024-09,19.0,districtwise_wayback_2024-11.pdf
Lakshmipur,FY2024-25,2024,9,2024-09,42.9,districtwise_wayback_2024-11.pdf
Lalmonirhat,FY2024-25,2024,9,2024-09,2.9,districtwise_wayback_2024-11.pdf
Madaripur,FY2024-25,2024,9,2024-09,39.0,districtwise_wayback_2024-11.pdf
Magura,FY2024-25,2024,9,2024-09,10.1,districtwise_wayback_2024-11.pdf
Manikganj,FY2024-25,2024,9,2024-09,27.4,districtwise_wayback_2024-11.pdf
Meherpur,FY2024-25,2024,9,2024-09,10.1,districtwise_wayback_2024-11.pdf
Moulvibazar,FY2024-25,2024,9,2024-09,49.2,districtwise_wayback_2024-11.pdf
Munshiganj,FY2024-25,2024,9,2024-09,46.8,districtwise_wayback_2024-11.pdf
Mymensingh,FY2024-25,2024,9,2024-09,28.0,districtwise_wayback_2024-11.pdf
Naogaon,FY2024-25,2024,9,2024-09,10.4,districtwise_wayback_2024-11.pdf
Narail,FY2024-25,2024,9,2024-09,4.7,districtwise_wayback_2024-11.pdf
Narayanganj,FY2024-25,2024,9,2024-09,40.0,districtwise_wayback_2024-11.pdf
Narsingdi,FY2024-25,2024,9,2024-09,43.9,districtwise_wayback_2024-11.pdf
Natore,FY2024-25,2024,9,2024-09,7.2,districtwise_wayback_2024-11.pdf
Netrokona,FY2024-25,2024,9,2024-09,7.5,districtwise_wayback_2024-11.pdf
Nilphamari,FY2024-25,2024,9,2024-09,4.1,districtwise_wayback_2024-11.pdf
Noakhali,FY2024-25,2024,9,2024-09,74.9,districtwise_wayback_2024-11.pdf
Pabna,FY2024-25,2024,9,2024-09,18.2,districtwise_wayback_2024-11.pdf
Panchagarh,FY2024-25,2024,9,2024-09,2.8,districtwise_wayback_2024-11.pdf
Patuakhali,FY2024-25,2024,9,2024-09,8.6,districtwise_wayback_2024-11.pdf
Pirojpur,FY2024-25,2024,9,2024-09,10.8,districtwise_wayback_2024-11.pdf
Rajbari,FY2024-25,2024,9,2024-09,12.0,districtwise_wayback_2024-11.pdf
Rajshahi,FY2024-25,2024,9,2024-09,9.9,districtwise_wayback_2024-11.pdf
Rangamati,FY2024-25,2024,9,2024-09,2.1,districtwise_wayback_2024-11.pdf
Rangpur,FY2024-25,2024,9,2024-09,10.3,districtwise_wayback_2024-11.pdf
Satkhira,FY2024-25,2024,9,2024-09,9.7,districtwise_wayback_2024-11.pdf
Shariatpur,FY2024-25,2024,9,2024-09,30.5,districtwise_wayback_2024-11.pdf
Sherpur,FY2024-25,2024,9,2024-09,4.4,districtwise_wayback_2024-11.pdf
Sirajganj,FY2024-25,2024,9,2024-09,12.3,districtwise_wayback_2024-11.pdf
Sunamganj,FY2024-25,2024,9,2024-09,30.2,districtwise_wayback_2024-11.pdf
Sylhet,FY2024-25,2024,9,2024-09,112.7,districtwise_wayback_2024-11.pdf
Tangail,FY2024-25,2024,9,2024-09,54.9,districtwise_wayback_2024-11.pdf
Thakurgaon,FY2024-25,2024,9,2024-09,4.0,districtwise_wayback_2024-11.pdf
Bagerhat,FY2024-25,2024,10,2024-10,7.4,districtwise_wayback_2024-11.pdf
Bandarban,FY2024-25,2024,10,2024-10,1.6,districtwise_wayback_2024-11.pdf
Barguna,FY2024-25,2024,10,2024-10,7.3,districtwise_wayback_2024-11.pdf
Barisal,FY2024-25,2024,10,2024-10,25.6,districtwise_wayback_2024-11.pdf
Bhola,FY2024-25,2024,10,2024-10,11.7,districtwise_wayback_2024-11.pdf
Bogura,FY2024-25,2024,10,2024-10,18.6,districtwise_wayback_2024-11.pdf
Brahmanbaria,FY2024-25,2024,10,2024-10,70.1,districtwise_wayback_2024-11.pdf
Chandpur,FY2024-25,2024,10,2024-10,68.1,districtwise_wayback_2024-11.pdf
Chapainawabganj,FY2024-25,2024,10,2024-10,11.0,districtwise_wayback_2024-11.pdf
Chattogram,FY2024-25,2024,10,2024-10,207.4,districtwise_wayback_2024-11.pdf
Chuadanga,FY2024-25,2024,10,2024-10,10.9,districtwise_wayback_2024-11.pdf
Comilla,FY2024-25,2024,10,2024-10,132.6,districtwise_wayback_2024-11.pdf
Coxsbazar,FY2024-25,2024,10,2024-10,14.5,districtwise_wayback_2024-11.pdf
Dhaka,FY2024-25,2024,10,2024-10,750.9,districtwise_wayback_2024-11.pdf
Dinajpur,FY2024-25,2024,10,2024-10,5.4,districtwise_wayback_2024-11.pdf
Faridpur,FY2024-25,2024,10,2024-10,28.0,districtwise_wayback_2024-11.pdf
Feni,FY2024-25,2024,10,2024-10,73.7,districtwise_wayback_2024-11.pdf
Gaibandha,FY2024-25,2024,10,2024-10,6.5,districtwise_wayback_2024-11.pdf
Gazipur,FY2024-25,2024,10,2024-10,37.4,districtwise_wayback_2024-11.pdf
Gopalganj,FY2024-25,2024,10,2024-10,15.1,districtwise_wayback_2024-11.pdf
Habiganj,FY2024-25,2024,10,2024-10,29.6,districtwise_wayback_2024-11.pdf
Jamalpur,FY2024-25,2024,10,2024-10,12.6,districtwise_wayback_2024-11.pdf
Jashore,FY2024-25,2024,10,2024-10,18.9,districtwise_wayback_2024-11.pdf
Jhalokati,FY2024-25,2024,10,2024-10,5.9,districtwise_wayback_2024-11.pdf
Jhenaidah,FY2024-25,2024,10,2024-10,11.0,districtwise_wayback_2024-11.pdf
Joypurhat,FY2024-25,2024,10,2024-10,3.6,districtwise_wayback_2024-11.pdf
Khagrachhari,FY2024-25,2024,10,2024-10,3.8,districtwise_wayback_2024-11.pdf
Khulna,FY2024-25,2024,10,2024-10,16.2,districtwise_wayback_2024-11.pdf
Kishoreganj,FY2024-25,2024,10,2024-10,34.7,districtwise_wayback_2024-11.pdf
Kurigram,FY2024-25,2024,10,2024-10,4.1,districtwise_wayback_2024-11.pdf
Kushtia,FY2024-25,2024,10,2024-10,18.0,districtwise_wayback_2024-11.pdf
Lakshmipur,FY2024-25,2024,10,2024-10,39.5,districtwise_wayback_2024-11.pdf
Lalmonirhat,FY2024-25,2024,10,2024-10,1.9,districtwise_wayback_2024-11.pdf
Madaripur,FY2024-25,2024,10,2024-10,35.4,districtwise_wayback_2024-11.pdf
Magura,FY2024-25,2024,10,2024-10,6.0,districtwise_wayback_2024-11.pdf
Manikganj,FY2024-25,2024,10,2024-10,23.6,districtwise_wayback_2024-11.pdf
Meherpur,FY2024-25,2024,10,2024-10,8.2,districtwise_wayback_2024-11.pdf
Moulvibazar,FY2024-25,2024,10,2024-10,46.0,districtwise_wayback_2024-11.pdf
Munshiganj,FY2024-25,2024,10,2024-10,43.8,districtwise_wayback_2024-11.pdf
Mymensingh,FY2024-25,2024,10,2024-10,25.8,districtwise_wayback_2024-11.pdf
Naogaon,FY2024-25,2024,10,2024-10,9.3,districtwise_wayback_2024-11.pdf
Narail,FY2024-25,2024,10,2024-10,6.5,districtwise_wayback_2024-11.pdf
Narayanganj,FY2024-25,2024,10,2024-10,39.7,districtwise_wayback_2024-11.pdf
Narsingdi,FY2024-25,2024,10,2024-10,39.4,districtwise_wayback_2024-11.pdf
Natore,FY2024-25,2024,10,2024-10,6.4,districtwise_wayback_2024-11.pdf
Netrokona,FY2024-25,2024,10,2024-10,5.9,districtwise_wayback_2024-11.pdf
Nilphamari,FY2024-25,2024,10,2024-10,4.0,districtwise_wayback_2024-11.pdf
Noakhali,FY2024-25,2024,10,2024-10,76.8,districtwise_wayback_2024-11.pdf
Pabna,FY2024-25,2024,10,2024-10,15.2,districtwise_wayback_2024-11.pdf
Panchagarh,FY2024-25,2024,10,2024-10,3.0,districtwise_wayback_2024-11.pdf
Patuakhali,FY2024-25,2024,10,2024-10,7.7,districtwise_wayback_2024-11.pdf
Pirojpur,FY2024-25,2024,10,2024-10,10.1,districtwise_wayback_2024-11.pdf
Rajbari,FY2024-25,2024,10,2024-10,10.0,districtwise_wayback_2024-11.pdf
Rajshahi,FY2024-25,2024,10,2024-10,10.2,districtwise_wayback_2024-11.pdf
Rangamati,FY2024-25,2024,10,2024-10,2.2,districtwise_wayback_2024-11.pdf
Rangpur,FY2024-25,2024,10,2024-10,10.3,districtwise_wayback_2024-11.pdf
Satkhira,FY2024-25,2024,10,2024-10,10.3,districtwise_wayback_2024-11.pdf
Shariatpur,FY2024-25,2024,10,2024-10,25.0,districtwise_wayback_2024-11.pdf
Sherpur,FY2024-25,2024,10,2024-10,3.4,districtwise_wayback_2024-11.pdf
Sirajganj,FY2024-25,2024,10,2024-10,10.8,districtwise_wayback_2024-11.pdf
Sunamganj,FY2024-25,2024,10,2024-10,28.5,districtwise_wayback_2024-11.pdf
Sylhet,FY2024-25,2024,10,2024-10,113.8,districtwise_wayback_2024-11.pdf
Tangail,FY2024-25,2024,10,2024-10,50.8,districtwise_wayback_2024-11.pdf
Thakurgaon,FY2024-25,2024,10,2024-10,3.2,districtwise_wayback_2024-11.pdf
Bagerhat,FY2024-25,2025,1,2025-01,6.86,report_june2025.pdf
Bandarban,FY2024-25,2025,1,2025-01,2.26,report_june2025.pdf
Barguna,FY2024-25,2025,1,2025-01,5.89,report_june2025.pdf
Barisal,FY2024-25,2025,1,2025-01,24.95,report_june2025.pdf
Bhola,FY2024-25,2025,1,2025-01,9.91,report_june2025.pdf
Bogura,FY2024-25,2025,1,2025-01,14.4,report_june2025.pdf
Brahmanbaria,FY2024-25,2025,1,2025-01,57.53,report_june2025.pdf
Chandpur,FY2024-25,2025,1,2025-01,57.22,report_june2025.pdf
Chapainawabganj,FY2024-25,2025,1,2025-01,9.42,report_june2025.pdf
Chattogram,FY2024-25,2025,1,2025-01,151.79,report_june2025.pdf
Chuadanga,FY2024-25,2025,1,2025-01,8.04,report_june2025.pdf
Comilla,FY2024-25,2025,1,2025-01,115.2,report_june2025.pdf
Coxsbazar,FY2024-25,2025,1,2025-01,12.0,report_june2025.pdf
Dhaka,FY2024-25,2025,1,2025-01,801.63,report_june2025.pdf
Dinajpur,FY2024-25,2025,1,2025-01,5.3,report_june2025.pdf
Faridpur,FY2024-25,2025,1,2025-01,24.6,report_june2025.pdf
Feni,FY2024-25,2025,1,2025-01,61.05,report_june2025.pdf
Gaibandha,FY2024-25,2025,1,2025-01,5.37,report_june2025.pdf
Gazipur,FY2024-25,2025,1,2025-01,30.86,report_june2025.pdf
Gopalganj,FY2024-25,2025,1,2025-01,10.13,report_june2025.pdf
Habiganj,FY2024-25,2025,1,2025-01,26.98,report_june2025.pdf
Jamalpur,FY2024-25,2025,1,2025-01,11.84,report_june2025.pdf
Jashore,FY2024-25,2025,1,2025-01,15.37,report_june2025.pdf
Jhalokati,FY2024-25,2025,1,2025-01,5.61,report_june2025.pdf
Jhenaidah,FY2024-25,2025,1,2025-01,9.04,report_june2025.pdf
Joypurhat,FY2024-25,2025,1,2025-01,2.99,report_june2025.pdf
Khagrachhari,FY2024-25,2025,1,2025-01,3.31,report_june2025.pdf
Khulna,FY2024-25,2025,1,2025-01,10.47,report_june2025.pdf
Kishoreganj,FY2024-25,2025,1,2025-01,30.67,report_june2025.pdf
Kurigram,FY2024-25,2025,1,2025-01,4.71,report_june2025.pdf
Kushtia,FY2024-25,2025,1,2025-01,14.61,report_june2025.pdf
Lakshmipur,FY2024-25,2025,1,2025-01,35.64,report_june2025.pdf
Lalmonirhat,FY2024-25,2025,1,2025-01,1.79,report_june2025.pdf
Madaripur,FY2024-25,2025,1,2025-01,37.17,report_june2025.pdf
Magura,FY2024-25,2025,1,2025-01,5.1,report_june2025.pdf
Manikganj,FY2024-25,2025,1,2025-01,19.97,report_june2025.pdf
Meherpur,FY2024-25,2025,1,2025-01,8.14,report_june2025.pdf
Moulvibazar,FY2024-25,2025,1,2025-01,39.12,report_june2025.pdf
Munshiganj,FY2024-25,2025,1,2025-01,34.52,report_june2025.pdf
Mymensingh,FY2024-25,2025,1,2025-01,24.11,report_june2025.pdf
Naogaon,FY2024-25,2025,1,2025-01,7.72,report_june2025.pdf
Narail,FY2024-25,2025,1,2025-01,4.61,report_june2025.pdf
Narayanganj,FY2024-25,2025,1,2025-01,31.4,report_june2025.pdf
Narsingdi,FY2024-25,2025,1,2025-01,33.34,report_june2025.pdf
Natore,FY2024-25,2025,1,2025-01,5.9,report_june2025.pdf
Netrokona,FY2024-25,2025,1,2025-01,5.66,report_june2025.pdf
Nilphamari,FY2024-25,2025,1,2025-01,2.97,report_june2025.pdf
Noakhali,FY2024-25,2025,1,2025-01,67.71,report_june2025.pdf
Pabna,FY2024-25,2025,1,2025-01,12.96,report_june2025.pdf
Panchagarh,FY2024-25,2025,1,2025-01,2.29,report_june2025.pdf
Patuakhali,FY2024-25,2025,1,2025-01,6.6,report_june2025.pdf
Pirojpur,FY2024-25,2025,1,2025-01,8.57,report_june2025.pdf
Rajbari,FY2024-25,2025,1,2025-01,9.11,report_june2025.pdf
Rajshahi,FY2024-25,2025,1,2025-01,9.29,report_june2025.pdf
Rangamati,FY2024-25,2025,1,2025-01,1.54,report_june2025.pdf
Rangpur,FY2024-25,2025,1,2025-01,11.01,report_june2025.pdf
Satkhira,FY2024-25,2025,1,2025-01,7.26,report_june2025.pdf
Shariatpur,FY2024-25,2025,1,2025-01,21.39,report_june2025.pdf
Sherpur,FY2024-25,2025,1,2025-01,2.74,report_june2025.pdf
Sirajganj,FY2024-25,2025,1,2025-01,8.05,report_june2025.pdf
Sunamganj,FY2024-25,2025,1,2025-01,26.65,report_june2025.pdf
Sylhet,FY2024-25,2025,1,2025-01,95.89,report_june2025.pdf
Tangail,FY2024-25,2025,1,2025-01,44.02,report_june2025.pdf
Thakurgaon,FY2024-25,2025,1,2025-01,2.98,report_june2025.pdf
Bagerhat,FY2024-25,2025,2,2025-02,8.22,report_june2025.pdf
Bandarban,FY2024-25,2025,2,2025-02,3.12,report_june2025.pdf
Barguna,FY2024-25,2025,2,2025-02,8.65,report_june2025.pdf
Barisal,FY2024-25,2025,2,2025-02,31.87,report_june2025.pdf
Bhola,FY2024-25,2025,2,2025-02,13.54,report_june2025.pdf
Bogura,FY2024-25,2025,2,2025-02,15.51,report_june2025.pdf
Brahmanbaria,FY2024-25,2025,2,2025-02,73.63,report_june2025.pdf
Chandpur,FY2024-25,2025,2,2025-02,76.83,report_june2025.pdf
Chapainawabganj,FY2024-25,2025,2,2025-02,11.39,report_june2025.pdf
Chattogram,FY2024-25,2025,2,2025-02,213.01,report_june2025.pdf
Chuadanga,FY2024-25,2025,2,2025-02,9.77,report_june2025.pdf
Comilla,FY2024-25,2025,2,2025-02,131.31,report_june2025.pdf
Coxsbazar,FY2024-25,2025,2,2025-02,15.56,report_june2025.pdf
Dhaka,FY2024-25,2025,2,2025-02,800.14,report_june2025.pdf
Dinajpur,FY2024-25,2025,2,2025-02,9.54,report_june2025.pdf
Faridpur,FY2024-25,2025,2,2025-02,31.16,report_june2025.pdf
Feni,FY2024-25,2025,2,2025-02,81.78,report_june2025.pdf
Gaibandha,FY2024-25,2025,2,2025-02,5.97,report_june2025.pdf
Gazipur,FY2024-25,2025,2,2025-02,42.08,report_june2025.pdf
Gopalganj,FY2024-25,2025,2,2025-02,27.16,report_june2025.pdf
Habiganj,FY2024-25,2025,2,2025-02,29.58,report_june2025.pdf
Jamalpur,FY2024-25,2025,2,2025-02,15.07,report_june2025.pdf
Jashore,FY2024-25,2025,2,2025-02,17.23,report_june2025.pdf
Jhalokati,FY2024-25,2025,2,2025-02,7.66,report_june2025.pdf
Jhenaidah,FY2024-25,2025,2,2025-02,10.37,report_june2025.pdf
Joypurhat,FY2024-25,2025,2,2025-02,3.47,report_june2025.pdf
Khagrachhari,FY2024-25,2025,2,2025-02,4.81,report_june2025.pdf
Khulna,FY2024-25,2025,2,2025-02,12.83,report_june2025.pdf
Kishoreganj,FY2024-25,2025,2,2025-02,39.94,report_june2025.pdf
Kurigram,FY2024-25,2025,2,2025-02,4.6,report_june2025.pdf
Kushtia,FY2024-25,2025,2,2025-02,18.8,report_june2025.pdf
Lakshmipur,FY2024-25,2025,2,2025-02,42.7,report_june2025.pdf
Lalmonirhat,FY2024-25,2025,2,2025-02,1.74,report_june2025.pdf
Madaripur,FY2024-25,2025,2,2025-02,38.46,report_june2025.pdf
Magura,FY2024-25,2025,2,2025-02,6.28,report_june2025.pdf
Manikganj,FY2024-25,2025,2,2025-02,27.2,report_june2025.pdf
Meherpur,FY2024-25,2025,2,2025-02,9.65,report_june2025.pdf
Moulvibazar,FY2024-25,2025,2,2025-02,44.98,report_june2025.pdf
Munshiganj,FY2024-25,2025,2,2025-02,46.98,report_june2025.pdf
Mymensingh,FY2024-25,2025,2,2025-02,30.06,report_june2025.pdf
Naogaon,FY2024-25,2025,2,2025-02,8.05,report_june2025.pdf
Narail,FY2024-25,2025,2,2025-02,6.11,report_june2025.pdf
Narayanganj,FY2024-25,2025,2,2025-02,34.96,report_june2025.pdf
Narsingdi,FY2024-25,2025,2,2025-02,40.68,report_june2025.pdf
Natore,FY2024-25,2025,2,2025-02,7.1,report_june2025.pdf
Netrokona,FY2024-25,2025,2,2025-02,6.12,report_june2025.pdf
Nilphamari,FY2024-25,2025,2,2025-02,4.0,report_june2025.pdf
Noakhali,FY2024-25,2025,2,2025-02,82.46,report_june2025.pdf
Pabna,FY2024-25,2025,2,2025-02,14.12,report_june2025.pdf
Panchagarh,FY2024-25,2025,2,2025-02,3.52,report_june2025.pdf
Patuakhali,FY2024-25,2025,2,2025-02,8.25,report_june2025.pdf
Pirojpur,FY2024-25,2025,2,2025-02,11.56,report_june2025.pdf
Rajbari,FY2024-25,2025,2,2025-02,11.26,report_june2025.pdf
Rajshahi,FY2024-25,2025,2,2025-02,9.12,report_june2025.pdf
Rangamati,FY2024-25,2025,2,2025-02,2.17,report_june2025.pdf
Rangpur,FY2024-25,2025,2,2025-02,15.28,report_june2025.pdf
Satkhira,FY2024-25,2025,2,2025-02,8.29,report_june2025.pdf
Shariatpur,FY2024-25,2025,2,2025-02,25.86,report_june2025.pdf
Sherpur,FY2024-25,2025,2,2025-02,3.8,report_june2025.pdf
Sirajganj,FY2024-25,2025,2,2025-02,8.8,report_june2025.pdf
Sunamganj,FY2024-25,2025,2,2025-02,28.82,report_june2025.pdf
Sylhet,FY2024-25,2025,2,2025-02,103.98,report_june2025.pdf
Tangail,FY2024-25,2025,2,2025-02,57.07,report_june2025.pdf
Thakurgaon,FY2024-25,2025,2,2025-02,3.61,report_june2025.pdf
Bagerhat,FY2024-25,2025,3,2025-03,9.83,report_june2025.pdf
Bandarban,FY2024-25,2025,3,2025-03,4.09,report_june2025.pdf
Barguna,FY2024-25,2025,3,2025-03,8.9,report_june2025.pdf
Barisal,FY2024-25,2025,3,2025-03,38.58,report_june2025.pdf
Bhola,FY2024-25,2025,3,2025-03,15.57,report_june2025.pdf
Bogura,FY2024-25,2025,3,2025-03,20.43,report_june2025.pdf
Brahmanbaria,FY2024-25,2025,3,2025-03,87.99,report_june2025.pdf
Chandpur,FY2024-25,2025,3,2025-03,95.12,report_june2025.pdf
Chapainawabganj,FY2024-25,2025,3,2025-03,13.63,report_june2025.pdf
Chattogram,FY2024-25,2025,3,2025-03,313.16,report_june2025.pdf
Chuadanga,FY2024-25,2025,3,2025-03,10.55,report_june2025.pdf
Comilla,FY2024-25,2025,3,2025-03,168.99,report_june2025.pdf
Coxsbazar,FY2024-25,2025,3,2025-03,22.27,report_june2025.pdf
Dhaka,FY2024-25,2025,3,2025-03,1108.54,report_june2025.pdf
Dinajpur,FY2024-25,2025,3,2025-03,6.99,report_june2025.pdf
Faridpur,FY2024-25,2025,3,2025-03,36.69,report_june2025.pdf
Feni,FY2024-25,2025,3,2025-03,101.05,report_june2025.pdf
Gaibandha,FY2024-25,2025,3,2025-03,6.64,report_june2025.pdf
Gazipur,FY2024-25,2025,3,2025-03,45.75,report_june2025.pdf
Gopalganj,FY2024-25,2025,3,2025-03,15.38,report_june2025.pdf
Habiganj,FY2024-25,2025,3,2025-03,42.21,report_june2025.pdf
Jamalpur,FY2024-25,2025,3,2025-03,17.5,report_june2025.pdf
Jashore,FY2024-25,2025,3,2025-03,22.04,report_june2025.pdf
Jhalokati,FY2024-25,2025,3,2025-03,9.13,report_june2025.pdf
Jhenaidah,FY2024-25,2025,3,2025-03,12.74,report_june2025.pdf
Joypurhat,FY2024-25,2025,3,2025-03,3.82,report_june2025.pdf
Khagrachhari,FY2024-25,2025,3,2025-03,5.41,report_june2025.pdf
Khulna,FY2024-25,2025,3,2025-03,19.97,report_june2025.pdf
Kishoreganj,FY2024-25,2025,3,2025-03,55.65,report_june2025.pdf
Kurigram,FY2024-25,2025,3,2025-03,5.85,report_june2025.pdf
Kushtia,FY2024-25,2025,3,2025-03,22.25,report_june2025.pdf
Lakshmipur,FY2024-25,2025,3,2025-03,51.72,report_june2025.pdf
Lalmonirhat,FY2024-25,2025,3,2025-03,3.92,report_june2025.pdf
Madaripur,FY2024-25,2025,3,2025-03,47.89,report_june2025.pdf
Magura,FY2024-25,2025,3,2025-03,6.97,report_june2025.pdf
Manikganj,FY2024-25,2025,3,2025-03,26.82,report_june2025.pdf
Meherpur,FY2024-25,2025,3,2025-03,11.1,report_june2025.pdf
Moulvibazar,FY2024-25,2025,3,2025-03,58.75,report_june2025.pdf
Munshiganj,FY2024-25,2025,3,2025-03,51.49,report_june2025.pdf
Mymensingh,FY2024-25,2025,3,2025-03,35.21,report_june2025.pdf
Naogaon,FY2024-25,2025,3,2025-03,10.55,report_june2025.pdf
Narail,FY2024-25,2025,3,2025-03,6.03,report_june2025.pdf
Narayanganj,FY2024-25,2025,3,2025-03,50.34,report_june2025.pdf
Narsingdi,FY2024-25,2025,3,2025-03,55.95,report_june2025.pdf
Natore,FY2024-25,2025,3,2025-03,7.92,report_june2025.pdf
Netrokona,FY2024-25,2025,3,2025-03,7.73,report_june2025.pdf
Nilphamari,FY2024-25,2025,3,2025-03,4.35,report_june2025.pdf
Noakhali,FY2024-25,2025,3,2025-03,98.04,report_june2025.pdf
Pabna,FY2024-25,2025,3,2025-03,16.34,report_june2025.pdf
Panchagarh,FY2024-25,2025,3,2025-03,4.05,report_june2025.pdf
Patuakhali,FY2024-25,2025,3,2025-03,9.76,report_june2025.pdf
Pirojpur,FY2024-25,2025,3,2025-03,13.63,report_june2025.pdf
Rajbari,FY2024-25,2025,3,2025-03,15.78,report_june2025.pdf
Rajshahi,FY2024-25,2025,3,2025-03,12.38,report_june2025.pdf
Rangamati,FY2024-25,2025,3,2025-03,2.61,report_june2025.pdf
Rangpur,FY2024-25,2025,3,2025-03,13.47,report_june2025.pdf
Satkhira,FY2024-25,2025,3,2025-03,11.75,report_june2025.pdf
Shariatpur,FY2024-25,2025,3,2025-03,35.99,report_june2025.pdf
Sherpur,FY2024-25,2025,3,2025-03,4.06,report_june2025.pdf
Sirajganj,FY2024-25,2025,3,2025-03,11.84,report_june2025.pdf
Sunamganj,FY2024-25,2025,3,2025-03,40.37,report_june2025.pdf
Sylhet,FY2024-25,2025,3,2025-03,157.34,report_june2025.pdf
Tangail,FY2024-25,2025,3,2025-03,61.64,report_june2025.pdf
Thakurgaon,FY2024-25,2025,3,2025-03,3.12,report_june2025.pdf
Bagerhat,FY2024-25,2025,4,2025-04,9.24,report_june2025.pdf
Bandarban,FY2024-25,2025,4,2025-04,2.74,report_june2025.pdf
Barguna,FY2024-25,2025,4,2025-04,8.3,report_june2025.pdf
Barisal,FY2024-25,2025,4,2025-04,33.98,report_june2025.pdf
Bhola,FY2024-25,2025,4,2025-04,12.53,report_june2025.pdf
Bogura,FY2024-25,2025,4,2025-04,20.2,report_june2025.pdf
Brahmanbaria,FY2024-25,2025,4,2025-04,78.31,report_june2025.pdf
Chandpur,FY2024-25,2025,4,2025-04,73.66,report_june2025.pdf
Chapainawabganj,FY2024-25,2025,4,2025-04,11.93,report_june2025.pdf
Chattogram,FY2024-25,2025,4,2025-04,210.4,report_june2025.pdf
Chuadanga,FY2024-25,2025,4,2025-04,12.1,report_june2025.pdf
Comilla,FY2024-25,2025,4,2025-04,137.95,report_june2025.pdf
Coxsbazar,FY2024-25,2025,4,2025-04,18.65,report_june2025.pdf
Dhaka,FY2024-25,2025,4,2025-04,901.13,report_june2025.pdf
Dinajpur,FY2024-25,2025,4,2025-04,7.15,report_june2025.pdf
Faridpur,FY2024-25,2025,4,2025-04,33.79,report_june2025.pdf
Feni,FY2024-25,2025,4,2025-04,83.87,report_june2025.pdf
Gaibandha,FY2024-25,2025,4,2025-04,7.85,report_june2025.pdf
Gazipur,FY2024-25,2025,4,2025-04,44.57,report_june2025.pdf
Gopalganj,FY2024-25,2025,4,2025-04,15.3,report_june2025.pdf
Habiganj,FY2024-25,2025,4,2025-04,36.84,report_june2025.pdf
Jamalpur,FY2024-25,2025,4,2025-04,16.34,report_june2025.pdf
Jashore,FY2024-25,2025,4,2025-04,24.49,report_june2025.pdf
Jhalokati,FY2024-25,2025,4,2025-04,6.79,report_june2025.pdf
Jhenaidah,FY2024-25,2025,4,2025-04,14.36,report_june2025.pdf
Joypurhat,FY2024-25,2025,4,2025-04,3.92,report_june2025.pdf
Khagrachhari,FY2024-25,2025,4,2025-04,4.36,report_june2025.pdf
Khulna,FY2024-25,2025,4,2025-04,15.62,report_june2025.pdf
Kishoreganj,FY2024-25,2025,4,2025-04,47.0,report_june2025.pdf
Kurigram,FY2024-25,2025,4,2025-04,4.29,report_june2025.pdf
Kushtia,FY2024-25,2025,4,2025-04,22.11,report_june2025.pdf
Lakshmipur,FY2024-25,2025,4,2025-04,45.39,report_june2025.pdf
Lalmonirhat,FY2024-25,2025,4,2025-04,2.57,report_june2025.pdf
Madaripur,FY2024-25,2025,4,2025-04,37.62,report_june2025.pdf
Magura,FY2024-25,2025,4,2025-04,5.24,report_june2025.pdf
Manikganj,FY2024-25,2025,4,2025-04,32.55,report_june2025.pdf
Meherpur,FY2024-25,2025,4,2025-04,10.79,report_june2025.pdf
Moulvibazar,FY2024-25,2025,4,2025-04,49.31,report_june2025.pdf
Munshiganj,FY2024-25,2025,4,2025-04,48.67,report_june2025.pdf
Mymensingh,FY2024-25,2025,4,2025-04,34.3,report_june2025.pdf
Naogaon,FY2024-25,2025,4,2025-04,12.16,report_june2025.pdf
Narail,FY2024-25,2025,4,2025-04,5.51,report_june2025.pdf
Narayanganj,FY2024-25,2025,4,2025-04,41.54,report_june2025.pdf
Narsingdi,FY2024-25,2025,4,2025-04,51.76,report_june2025.pdf
Natore,FY2024-25,2025,4,2025-04,7.96,report_june2025.pdf
Netrokona,FY2024-25,2025,4,2025-04,7.38,report_june2025.pdf
Nilphamari,FY2024-25,2025,4,2025-04,4.36,report_june2025.pdf
Noakhali,FY2024-25,2025,4,2025-04,79.97,report_june2025.pdf
Pabna,FY2024-25,2025,4,2025-04,17.16,report_june2025.pdf
Panchagarh,FY2024-25,2025,4,2025-04,2.83,report_june2025.pdf
Patuakhali,FY2024-25,2025,4,2025-04,10.3,report_june2025.pdf
Pirojpur,FY2024-25,2025,4,2025-04,11.7,report_june2025.pdf
Rajbari,FY2024-25,2025,4,2025-04,14.14,report_june2025.pdf
Rajshahi,FY2024-25,2025,4,2025-04,11.37,report_june2025.pdf
Rangamati,FY2024-25,2025,4,2025-04,2.58,report_june2025.pdf
Rangpur,FY2024-25,2025,4,2025-04,7.36,report_june2025.pdf
Satkhira,FY2024-25,2025,4,2025-04,11.3,report_june2025.pdf
Shariatpur,FY2024-25,2025,4,2025-04,32.16,report_june2025.pdf
Sherpur,FY2024-25,2025,4,2025-04,4.53,report_june2025.pdf
Sirajganj,FY2024-25,2025,4,2025-04,10.89,report_june2025.pdf
Sunamganj,FY2024-25,2025,4,2025-04,32.64,report_june2025.pdf
Sylhet,FY2024-25,2025,4,2025-04,119.93,report_june2025.pdf
Tangail,FY2024-25,2025,4,2025-04,63.43,report_june2025.pdf
Thakurgaon,FY2024-25,2025,4,2025-04,3.14,report_june2025.pdf
Bagerhat,FY2024-25,2025,5,2025-05,8.66,report_june2025.pdf
Bandarban,FY2024-25,2025,5,2025-05,2.08,report_june2025.pdf
Barguna,FY2024-25,2025,5,2025-05,6.94,report_june2025.pdf
Barisal,FY2024-25,2025,5,2025-05,29.73,report_june2025.pdf
Bhola,FY2024-25,2025,5,2025-05,12.49,report_june2025.pdf
Bogura,FY2024-25,2025,5,2025-05,20.06,report_june2025.pdf
Brahmanbaria,FY2024-25,2025,5,2025-05,71.22,report_june2025.pdf
Chandpur,FY2024-25,2025,5,2025-05,63.77,report_june2025.pdf
Chapainawabganj,FY2024-25,2025,5,2025-05,12.21,report_june2025.pdf
Chattogram,FY2024-25,2025,5,2025-05,230.4,report_june2025.pdf
Chuadanga,FY2024-25,2025,5,2025-05,11.9,report_june2025.pdf
Comilla,FY2024-25,2025,5,2025-05,140.04,report_june2025.pdf
Coxsbazar,FY2024-25,2025,5,2025-05,16.92,report_june2025.pdf
Dhaka,FY2024-25,2025,5,2025-05,1164.05,report_june2025.pdf
Dinajpur,FY2024-25,2025,5,2025-05,7.29,report_june2025.pdf
Faridpur,FY2024-25,2025,5,2025-05,27.16,report_june2025.pdf
Feni,FY2024-25,2025,5,2025-05,83.73,report_june2025.pdf
Gaibandha,FY2024-25,2025,5,2025-05,7.94,report_june2025.pdf
Gazipur,FY2024-25,2025,5,2025-05,40.6,report_june2025.pdf
Gopalganj,FY2024-25,2025,5,2025-05,13.71,report_june2025.pdf
Habiganj,FY2024-25,2025,5,2025-05,34.39,report_june2025.pdf
Jamalpur,FY2024-25,2025,5,2025-05,16.65,report_june2025.pdf
Jashore,FY2024-25,2025,5,2025-05,21.91,report_june2025.pdf
Jhalokati,FY2024-25,2025,5,2025-05,5.96,report_june2025.pdf
Jhenaidah,FY2024-25,2025,5,2025-05,12.77,report_june2025.pdf
Joypurhat,FY2024-25,2025,5,2025-05,4.13,report_june2025.pdf
Khagrachhari,FY2024-25,2025,5,2025-05,2.5,report_june2025.pdf
Khulna,FY2024-25,2025,5,2025-05,14.36,report_june2025.pdf
Kishoreganj,FY2024-25,2025,5,2025-05,40.2,report_june2025.pdf
Kurigram,FY2024-25,2025,5,2025-05,4.92,report_june2025.pdf
Kushtia,FY2024-25,2025,5,2025-05,18.71,report_june2025.pdf
Lakshmipur,FY2024-25,2025,5,2025-05,45.8,report_june2025.pdf
Lalmonirhat,FY2024-25,2025,5,2025-05,1.51,report_june2025.pdf
Madaripur,FY2024-25,2025,5,2025-05,45.1,report_june2025.pdf
Magura,FY2024-25,2025,5,2025-05,6.21,report_june2025.pdf
Manikganj,FY2024-25,2025,5,2025-05,27.83,report_june2025.pdf
Meherpur,FY2024-25,2025,5,2025-05,8.64,report_june2025.pdf
Moulvibazar,FY2024-25,2025,5,2025-05,50.17,report_june2025.pdf
Munshiganj,FY2024-25,2025,5,2025-05,47.98,report_june2025.pdf
Mymensingh,FY2024-25,2025,5,2025-05,26.23,report_june2025.pdf
Naogaon,FY2024-25,2025,5,2025-05,9.27,report_june2025.pdf
Narail,FY2024-25,2025,5,2025-05,4.28,report_june2025.pdf
Narayanganj,FY2024-25,2025,5,2025-05,50.26,report_june2025.pdf
Narsingdi,FY2024-25,2025,5,2025-05,43.78,report_june2025.pdf
Natore,FY2024-25,2025,5,2025-05,7.26,report_june2025.pdf
Netrokona,FY2024-25,2025,5,2025-05,6.41,report_june2025.pdf
Nilphamari,FY2024-25,2025,5,2025-05,4.25,report_june2025.pdf
Noakhali,FY2024-25,2025,5,2025-05,83.65,report_june2025.pdf
Pabna,FY2024-25,2025,5,2025-05,18.54,report_june2025.pdf
Panchagarh,FY2024-25,2025,5,2025-05,2.31,report_june2025.pdf
Patuakhali,FY2024-25,2025,5,2025-05,7.62,report_june2025.pdf
Pirojpur,FY2024-25,2025,5,2025-05,8.94,report_june2025.pdf
Rajbari,FY2024-25,2025,5,2025-05,10.62,report_june2025.pdf
Rajshahi,FY2024-25,2025,5,2025-05,11.65,report_june2025.pdf
Rangamati,FY2024-25,2025,5,2025-05,2.71,report_june2025.pdf
Rangpur,FY2024-25,2025,5,2025-05,7.54,report_june2025.pdf
Satkhira,FY2024-25,2025,5,2025-05,9.37,report_june2025.pdf
Shariatpur,FY2024-25,2025,5,2025-05,25.97,report_june2025.pdf
Sherpur,FY2024-25,2025,5,2025-05,3.95,report_june2025.pdf
Sirajganj,FY2024-25,2025,5,2025-05,11.53,report_june2025.pdf
Sunamganj,FY2024-25,2025,5,2025-05,33.4,report_june2025.pdf
Sylhet,FY2024-25,2025,5,2025-05,139.6,report_june2025.pdf
Tangail,FY2024-25,2025,5,2025-05,56.92,report_june2025.pdf
Thakurgaon,FY2024-25,2025,5,2025-05,2.85,report_june2025.pdf
Bagerhat,FY2024-25,2025,6,2025-06,7.49,report_june2025.pdf
Bandarban,FY2024-25,2025,6,2025-06,1.99,report_june2025.pdf
Barguna,FY2024-25,2025,6,2025-06,5.87,report_june2025.pdf
Barisal,FY2024-25,2025,6,2025-06,25.89,report_june2025.pdf
Bhola,FY2024-25,2025,6,2025-06,10.21,report_june2025.pdf
Bogura,FY2024-25,2025,6,2025-06,15.93,report_june2025.pdf
Brahmanbaria,FY2024-25,2025,6,2025-06,60.7,report_june2025.pdf
Chandpur,FY2024-25,2025,6,2025-06,55.06,report_june2025.pdf
Chapainawabganj,FY2024-25,2025,6,2025-06,10.63,report_june2025.pdf
Chattogram,FY2024-25,2025,6,2025-06,191.7,report_june2025.pdf
Chuadanga,FY2024-25,2025,6,2025-06,9.3,report_june2025.pdf
Comilla,FY2024-25,2025,6,2025-06,126.39,report_june2025.pdf
Coxsbazar,FY2024-25,2025,6,2025-06,14.91,report_june2025.pdf
Dhaka,FY2024-25,2025,6,2025-06,1307.54,report_june2025.pdf
Dinajpur,FY2024-25,2025,6,2025-06,5.55,report_june2025.pdf
Faridpur,FY2024-25,2025,6,2025-06,22.48,report_june2025.pdf
Feni,FY2024-25,2025,6,2025-06,71.57,report_june2025.pdf
Gaibandha,FY2024-25,2025,6,2025-06,7.02,report_june2025.pdf
Gazipur,FY2024-25,2025,6,2025-06,34.17,report_june2025.pdf
Gopalganj,FY2024-25,2025,6,2025-06,11.61,report_june2025.pdf
Habiganj,FY2024-25,2025,6,2025-06,25.5,report_june2025.pdf
Jamalpur,FY2024-25,2025,6,2025-06,12.55,report_june2025.pdf
Jashore,FY2024-25,2025,6,2025-06,20.08,report_june2025.pdf
Jhalokati,FY2024-25,2025,6,2025-06,6.03,report_june2025.pdf
Jhenaidah,FY2024-25,2025,6,2025-06,10.11,report_june2025.pdf
Joypurhat,FY2024-25,2025,6,2025-06,3.34,report_june2025.pdf
Khagrachhari,FY2024-25,2025,6,2025-06,2.68,report_june2025.pdf
Khulna,FY2024-25,2025,6,2025-06,12.69,report_june2025.pdf
Kishoreganj,FY2024-25,2025,6,2025-06,35.5,report_june2025.pdf
Kurigram,FY2024-25,2025,6,2025-06,3.56,report_june2025.pdf
Kushtia,FY2024-25,2025,6,2025-06,15.64,report_june2025.pdf
Lakshmipur,FY2024-25,2025,6,2025-06,39.63,report_june2025.pdf
Lalmonirhat,FY2024-25,2025,6,2025-06,1.26,report_june2025.pdf
Madaripur,FY2024-25,2025,6,2025-06,37.51,report_june2025.pdf
Magura,FY2024-25,2025,6,2025-06,4.89,report_june2025.pdf
Manikganj,FY2024-25,2025,6,2025-06,23.1,report_june2025.pdf
Meherpur,FY2024-25,2025,6,2025-06,7.13,report_june2025.pdf
Moulvibazar,FY2024-25,2025,6,2025-06,38.69,report_june2025.pdf
Munshiganj,FY2024-25,2025,6,2025-06,38.78,report_june2025.pdf
Mymensingh,FY2024-25,2025,6,2025-06,20.73,report_june2025.pdf
Naogaon,FY2024-25,2025,6,2025-06,7.47,report_june2025.pdf
Narail,FY2024-25,2025,6,2025-06,3.94,report_june2025.pdf
Narayanganj,FY2024-25,2025,6,2025-06,41.8,report_june2025.pdf
Narsingdi,FY2024-25,2025,6,2025-06,36.45,report_june2025.pdf
Natore,FY2024-25,2025,6,2025-06,5.59,report_june2025.pdf
Netrokona,FY2024-25,2025,6,2025-06,4.93,report_june2025.pdf
Nilphamari,FY2024-25,2025,6,2025-06,3.55,report_june2025.pdf
Noakhali,FY2024-25,2025,6,2025-06,73.76,report_june2025.pdf
Pabna,FY2024-25,2025,6,2025-06,14.0,report_june2025.pdf
Panchagarh,FY2024-25,2025,6,2025-06,2.44,report_june2025.pdf
Patuakhali,FY2024-25,2025,6,2025-06,5.95,report_june2025.pdf
Pirojpur,FY2024-25,2025,6,2025-06,7.8,report_june2025.pdf
Rajbari,FY2024-25,2025,6,2025-06,9.26,report_june2025.pdf
Rajshahi,FY2024-25,2025,6,2025-06,9.59,report_june2025.pdf
Rangamati,FY2024-25,2025,6,2025-06,3.19,report_june2025.pdf
Rangpur,FY2024-25,2025,6,2025-06,7.02,report_june2025.pdf
Satkhira,FY2024-25,2025,6,2025-06,7.92,report_june2025.pdf
Shariatpur,FY2024-25,2025,6,2025-06,24.63,report_june2025.pdf
Sherpur,FY2024-25,2025,6,2025-06,3.13,report_june2025.pdf
Sirajganj,FY2024-25,2025,6,2025-06,10.09,report_june2025.pdf
Sunamganj,FY2024-25,2025,6,2025-06,25.97,report_june2025.pdf
Sylhet,FY2024-25,2025,6,2025-06,111.04,report_june2025.pdf
Tangail,FY2024-25,2025,6,2025-06,44.25,report_june2025.pdf
Thakurgaon,FY2024-25,2025,6,2025-06,3.31,report_june2025.pdf
Bagerhat,FY2025-26,2025,7,2025-07,7.09,report_latest.pdf
Bandarban,FY2025-26,2025,7,2025-07,1.69,report_latest.pdf
Barguna,FY2025-26,2025,7,2025-07,5.36,report_latest.pdf
Barisal,FY2025-26,2025,7,2025-07,24.05,report_latest.pdf
Bhola,FY2025-26,2025,7,2025-07,9.8,report_latest.pdf
Bogura,FY2025-26,2025,7,2025-07,15.6,report_latest.pdf
Brahmanbaria,FY2025-26,2025,7,2025-07,62.98,report_latest.pdf
Chandpur,FY2025-26,2025,7,2025-07,55.96,report_latest.pdf
Chapainawabganj,FY2025-26,2025,7,2025-07,10.29,report_latest.pdf
Chattogram,FY2025-26,2025,7,2025-07,165.4,report_latest.pdf
Chuadanga,FY2025-26,2025,7,2025-07,8.88,report_latest.pdf
Comilla,FY2025-26,2025,7,2025-07,123.02,report_latest.pdf
Coxsbazar,FY2025-26,2025,7,2025-07,13.26,report_latest.pdf
Dhaka,FY2025-26,2025,7,2025-07,1027.18,report_latest.pdf
Dinajpur,FY2025-26,2025,7,2025-07,5.18,report_latest.pdf
Faridpur,FY2025-26,2025,7,2025-07,24.13,report_latest.pdf
Feni,FY2025-26,2025,7,2025-07,61.94,report_latest.pdf
Gaibandha,FY2025-26,2025,7,2025-07,8.57,report_latest.pdf
Gazipur,FY2025-26,2025,7,2025-07,32.95,report_latest.pdf
Gopalganj,FY2025-26,2025,7,2025-07,10.78,report_latest.pdf
Habiganj,FY2025-26,2025,7,2025-07,26.7,report_latest.pdf
Jamalpur,FY2025-26,2025,7,2025-07,12.76,report_latest.pdf
Jashore,FY2025-26,2025,7,2025-07,18.15,report_latest.pdf
Jhalokati,FY2025-26,2025,7,2025-07,4.71,report_latest.pdf
Jhenaidah,FY2025-26,2025,7,2025-07,10.24,report_latest.pdf
Joypurhat,FY2025-26,2025,7,2025-07,4.48,report_latest.pdf
Khagrachhari,FY2025-26,2025,7,2025-07,2.23,report_latest.pdf
Khulna,FY2025-26,2025,7,2025-07,12.07,report_latest.pdf
Kishoreganj,FY2025-26,2025,7,2025-07,34.05,report_latest.pdf
Kurigram,FY2025-26,2025,7,2025-07,3.71,report_latest.pdf
Kushtia,FY2025-26,2025,7,2025-07,14.99,report_latest.pdf
Lakshmipur,FY2025-26,2025,7,2025-07,37.11,report_latest.pdf
Lalmonirhat,FY2025-26,2025,7,2025-07,1.25,report_latest.pdf
Madaripur,FY2025-26,2025,7,2025-07,37.84,report_latest.pdf
Magura,FY2025-26,2025,7,2025-07,4.78,report_latest.pdf
Manikganj,FY2025-26,2025,7,2025-07,22.16,report_latest.pdf
Meherpur,FY2025-26,2025,7,2025-07,7.16,report_latest.pdf
Moulvibazar,FY2025-26,2025,7,2025-07,39.15,report_latest.pdf
Munshiganj,FY2025-26,2025,7,2025-07,39.33,report_latest.pdf
Mymensingh,FY2025-26,2025,7,2025-07,21.12,report_latest.pdf
Naogaon,FY2025-26,2025,7,2025-07,7.46,report_latest.pdf
Narail,FY2025-26,2025,7,2025-07,4.34,report_latest.pdf
Narayanganj,FY2025-26,2025,7,2025-07,40.49,report_latest.pdf
Narsingdi,FY2025-26,2025,7,2025-07,35.06,report_latest.pdf
Natore,FY2025-26,2025,7,2025-07,6.04,report_latest.pdf
Netrokona,FY2025-26,2025,7,2025-07,5.4,report_latest.pdf
Nilphamari,FY2025-26,2025,7,2025-07,3.27,report_latest.pdf
Noakhali,FY2025-26,2025,7,2025-07,72.79,report_latest.pdf
Pabna,FY2025-26,2025,7,2025-07,15.13,report_latest.pdf
Panchagarh,FY2025-26,2025,7,2025-07,1.79,report_latest.pdf
Patuakhali,FY2025-26,2025,7,2025-07,5.85,report_latest.pdf
Pirojpur,FY2025-26,2025,7,2025-07,7.73,report_latest.pdf
Rajbari,FY2025-26,2025,7,2025-07,8.87,report_latest.pdf
Rajshahi,FY2025-26,2025,7,2025-07,8.92,report_latest.pdf
Rangamati,FY2025-26,2025,7,2025-07,1.68,report_latest.pdf
Rangpur,FY2025-26,2025,7,2025-07,5.85,report_latest.pdf
Satkhira,FY2025-26,2025,7,2025-07,7.44,report_latest.pdf
Shariatpur,FY2025-26,2025,7,2025-07,24.48,report_latest.pdf
Sherpur,FY2025-26,2025,7,2025-07,3.19,report_latest.pdf
Sirajganj,FY2025-26,2025,7,2025-07,9.41,report_latest.pdf
Sunamganj,FY2025-26,2025,7,2025-07,26.58,report_latest.pdf
Sylhet,FY2025-26,2025,7,2025-07,102.61,report_latest.pdf
Tangail,FY2025-26,2025,7,2025-07,43.09,report_latest.pdf
Thakurgaon,FY2025-26,2025,7,2025-07,2.27,report_latest.pdf
Bagerhat,FY2025-26,2025,8,2025-08,6.77,report_latest.pdf
Bandarban,FY2025-26,2025,8,2025-08,1.37,report_latest.pdf
Barguna,FY2025-26,2025,8,2025-08,4.68,report_latest.pdf
Barisal,FY2025-26,2025,8,2025-08,22.52,report_latest.pdf
Bhola,FY2025-26,2025,8,2025-08,8.9,report_latest.pdf
Bogura,FY2025-26,2025,8,2025-08,13.33,report_latest.pdf
Brahmanbaria,FY2025-26,2025,8,2025-08,58.29,report_latest.pdf
Chandpur,FY2025-26,2025,8,2025-08,50.67,report_latest.pdf
Chapainawabganj,FY2025-26,2025,8,2025-08,9.76,report_latest.pdf
Chattogram,FY2025-26,2025,8,2025-08,169.75,report_latest.pdf
Chuadanga,FY2025-26,2025,8,2025-08,7.75,report_latest.pdf
Comilla,FY2025-26,2025,8,2025-08,114.02,report_latest.pdf
Coxsbazar,FY2025-26,2025,8,2025-08,12.24,report_latest.pdf
Dhaka,FY2025-26,2025,8,2025-08,1065.41,report_latest.pdf
Dinajpur,FY2025-26,2025,8,2025-08,4.41,report_latest.pdf
Faridpur,FY2025-26,2025,8,2025-08,21.97,report_latest.pdf
Feni,FY2025-26,2025,8,2025-08,61.62,report_latest.pdf
Gaibandha,FY2025-26,2025,8,2025-08,5.76,report_latest.pdf
Gazipur,FY2025-26,2025,8,2025-08,31.39,report_latest.pdf
Gopalganj,FY2025-26,2025,8,2025-08,10.44,report_latest.pdf
Habiganj,FY2025-26,2025,8,2025-08,24.36,report_latest.pdf
Jamalpur,FY2025-26,2025,8,2025-08,11.99,report_latest.pdf
Jashore,FY2025-26,2025,8,2025-08,16.84,report_latest.pdf
Jhalokati,FY2025-26,2025,8,2025-08,4.18,report_latest.pdf
Jhenaidah,FY2025-26,2025,8,2025-08,8.37,report_latest.pdf
Joypurhat,FY2025-26,2025,8,2025-08,2.84,report_latest.pdf
Khagrachhari,FY2025-26,2025,8,2025-08,2.01,report_latest.pdf
Khulna,FY2025-26,2025,8,2025-08,11.09,report_latest.pdf
Kishoreganj,FY2025-26,2025,8,2025-08,31.49,report_latest.pdf
Kurigram,FY2025-26,2025,8,2025-08,3.32,report_latest.pdf
Kushtia,FY2025-26,2025,8,2025-08,13.02,report_latest.pdf
Lakshmipur,FY2025-26,2025,8,2025-08,32.59,report_latest.pdf
Lalmonirhat,FY2025-26,2025,8,2025-08,0.99,report_latest.pdf
Madaripur,FY2025-26,2025,8,2025-08,34.82,report_latest.pdf
Magura,FY2025-26,2025,8,2025-08,4.07,report_latest.pdf
Manikganj,FY2025-26,2025,8,2025-08,19.95,report_latest.pdf
Meherpur,FY2025-26,2025,8,2025-08,14.95,report_latest.pdf
Moulvibazar,FY2025-26,2025,8,2025-08,34.65,report_latest.pdf
Munshiganj,FY2025-26,2025,8,2025-08,36.75,report_latest.pdf
Mymensingh,FY2025-26,2025,8,2025-08,18.7,report_latest.pdf
Naogaon,FY2025-26,2025,8,2025-08,6.42,report_latest.pdf
Narail,FY2025-26,2025,8,2025-08,3.47,report_latest.pdf
Narayanganj,FY2025-26,2025,8,2025-08,39.48,report_latest.pdf
Narsingdi,FY2025-26,2025,8,2025-08,33.47,report_latest.pdf
Natore,FY2025-26,2025,8,2025-08,4.85,report_latest.pdf
Netrokona,FY2025-26,2025,8,2025-08,4.52,report_latest.pdf
Nilphamari,FY2025-26,2025,8,2025-08,2.95,report_latest.pdf
Noakhali,FY2025-26,2025,8,2025-08,67.38,report_latest.pdf
Pabna,FY2025-26,2025,8,2025-08,12.98,report_latest.pdf
Panchagarh,FY2025-26,2025,8,2025-08,1.44,report_latest.pdf
Patuakhali,FY2025-26,2025,8,2025-08,5.24,report_latest.pdf
Pirojpur,FY2025-26,2025,8,2025-08,7.22,report_latest.pdf
Rajbari,FY2025-26,2025,8,2025-08,8.6,report_latest.pdf
Rajshahi,FY2025-26,2025,8,2025-08,8.4,report_latest.pdf
Rangamati,FY2025-26,2025,8,2025-08,1.17,report_latest.pdf
Rangpur,FY2025-26,2025,8,2025-08,6.11,report_latest.pdf
Satkhira,FY2025-26,2025,8,2025-08,6.81,report_latest.pdf
Shariatpur,FY2025-26,2025,8,2025-08,22.72,report_latest.pdf
Sherpur,FY2025-26,2025,8,2025-08,2.75,report_latest.pdf
Sirajganj,FY2025-26,2025,8,2025-08,8.12,report_latest.pdf
Sunamganj,FY2025-26,2025,8,2025-08,22.37,report_latest.pdf
Sylhet,FY2025-26,2025,8,2025-08,93.54,report_latest.pdf
Tangail,FY2025-26,2025,8,2025-08,41.87,report_latest.pdf
Thakurgaon,FY2025-26,2025,8,2025-08,1.99,report_latest.pdf
Bagerhat,FY2025-26,2025,9,2025-09,6.87,report_latest.pdf
Bandarban,FY2025-26,2025,9,2025-09,1.61,report_latest.pdf
Barguna,FY2025-26,2025,9,2025-09,4.86,report_latest.pdf
Barisal,FY2025-26,2025,9,2025-09,24.49,report_latest.pdf
Bhola,FY2025-26,2025,9,2025-09,10.4,report_latest.pdf
Bogura,FY2025-26,2025,9,2025-09,16.17,report_latest.pdf
Brahmanbaria,FY2025-26,2025,9,2025-09,63.99,report_latest.pdf
Chandpur,FY2025-26,2025,9,2025-09,57.61,report_latest.pdf
Chapainawabganj,FY2025-26,2025,9,2025-09,12.1,report_latest.pdf
Chattogram,FY2025-26,2025,9,2025-09,236.52,report_latest.pdf
Chuadanga,FY2025-26,2025,9,2025-09,8.47,report_latest.pdf
Comilla,FY2025-26,2025,9,2025-09,141.65,report_latest.pdf
Coxsbazar,FY2025-26,2025,9,2025-09,15.19,report_latest.pdf
Dhaka,FY2025-26,2025,9,2025-09,1069.54,report_latest.pdf
Dinajpur,FY2025-26,2025,9,2025-09,4.45,report_latest.pdf
Faridpur,FY2025-26,2025,9,2025-09,25.67,report_latest.pdf
Feni,FY2025-26,2025,9,2025-09,77.06,report_latest.pdf
Gaibandha,FY2025-26,2025,9,2025-09,5.69,report_latest.pdf
Gazipur,FY2025-26,2025,9,2025-09,34.7,report_latest.pdf
Gopalganj,FY2025-26,2025,9,2025-09,10.99,report_latest.pdf
Habiganj,FY2025-26,2025,9,2025-09,29.71,report_latest.pdf
Jamalpur,FY2025-26,2025,9,2025-09,13.53,report_latest.pdf
Jashore,FY2025-26,2025,9,2025-09,18.18,report_latest.pdf
Jhalokati,FY2025-26,2025,9,2025-09,4.57,report_latest.pdf
Jhenaidah,FY2025-26,2025,9,2025-09,9.75,report_latest.pdf
Joypurhat,FY2025-26,2025,9,2025-09,3.25,report_latest.pdf
Khagrachhari,FY2025-26,2025,9,2025-09,2.13,report_latest.pdf
Khulna,FY2025-26,2025,9,2025-09,12.26,report_latest.pdf
Kishoreganj,FY2025-26,2025,9,2025-09,34.26,report_latest.pdf
Kurigram,FY2025-26,2025,9,2025-09,3.38,report_latest.pdf
Kushtia,FY2025-26,2025,9,2025-09,14.64,report_latest.pdf
Lakshmipur,FY2025-26,2025,9,2025-09,39.08,report_latest.pdf
Lalmonirhat,FY2025-26,2025,9,2025-09,1.33,report_latest.pdf
Madaripur,FY2025-26,2025,9,2025-09,43.17,report_latest.pdf
Magura,FY2025-26,2025,9,2025-09,5.16,report_latest.pdf
Manikganj,FY2025-26,2025,9,2025-09,20.41,report_latest.pdf
Meherpur,FY2025-26,2025,9,2025-09,6.76,report_latest.pdf
Moulvibazar,FY2025-26,2025,9,2025-09,41.12,report_latest.pdf
Munshiganj,FY2025-26,2025,9,2025-09,42.57,report_latest.pdf
Mymensingh,FY2025-26,2025,9,2025-09,20.83,report_latest.pdf
Naogaon,FY2025-26,2025,9,2025-09,7.45,report_latest.pdf
Narail,FY2025-26,2025,9,2025-09,4.49,report_latest.pdf
Narayanganj,FY2025-26,2025,9,2025-09,41.46,report_latest.pdf
Narsingdi,FY2025-26,2025,9,2025-09,36.98,report_latest.pdf
Natore,FY2025-26,2025,9,2025-09,5.3,report_latest.pdf
Netrokona,FY2025-26,2025,9,2025-09,5.28,report_latest.pdf
Nilphamari,FY2025-26,2025,9,2025-09,3.13,report_latest.pdf
Noakhali,FY2025-26,2025,9,2025-09,85.31,report_latest.pdf
Pabna,FY2025-26,2025,9,2025-09,14.15,report_latest.pdf
Panchagarh,FY2025-26,2025,9,2025-09,1.41,report_latest.pdf
Patuakhali,FY2025-26,2025,9,2025-09,5.57,report_latest.pdf
Pirojpur,FY2025-26,2025,9,2025-09,7.85,report_latest.pdf
Rajbari,FY2025-26,2025,9,2025-09,9.95,report_latest.pdf
Rajshahi,FY2025-26,2025,9,2025-09,9.52,report_latest.pdf
Rangamati,FY2025-26,2025,9,2025-09,1.59,report_latest.pdf
Rangpur,FY2025-26,2025,9,2025-09,6.81,report_latest.pdf
Satkhira,FY2025-26,2025,9,2025-09,8.61,report_latest.pdf
Shariatpur,FY2025-26,2025,9,2025-09,27.07,report_latest.pdf
Sherpur,FY2025-26,2025,9,2025-09,3.16,report_latest.pdf
Sirajganj,FY2025-26,2025,9,2025-09,10.17,report_latest.pdf
Sunamganj,FY2025-26,2025,9,2025-09,28.78,report_latest.pdf
Sylhet,FY2025-26,2025,9,2025-09,118.74,report_latest.pdf
Tangail,FY2025-26,2025,9,2025-09,46.44,report_latest.pdf
Thakurgaon,FY2025-26,2025,9,2025-09,2.22,report_latest.pdf
Bagerhat,FY2025-26,2025,10,2025-10,7.29,report_latest.pdf
Bandarban,FY2025-26,2025,10,2025-10,1.62,report_latest.pdf
Barguna,FY2025-26,2025,10,2025-10,10.1,report_latest.pdf
Barisal,FY2025-26,2025,10,2025-10,26.42,report_latest.pdf
Bhola,FY2025-26,2025,10,2025-10,12.26,report_latest.pdf
Bogura,FY2025-26,2025,10,2025-10,18.93,report_latest.pdf
Brahmanbaria,FY2025-26,2025,10,2025-10,67.38,report_latest.pdf
Chandpur,FY2025-26,2025,10,2025-10,61.21,report_latest.pdf
Chapainawabganj,FY2025-26,2025,10,2025-10,12.08,report_latest.pdf
Chattogram,FY2025-26,2025,10,2025-10,199.78,report_latest.pdf
Chuadanga,FY2025-26,2025,10,2025-10,11.15,report_latest.pdf
Comilla,FY2025-26,2025,10,2025-10,151.44,report_latest.pdf
Coxsbazar,FY2025-26,2025,10,2025-10,14.64,report_latest.pdf
Dhaka,FY2025-26,2025,10,2025-10,921.93,report_latest.pdf
Dinajpur,FY2025-26,2025,10,2025-10,4.9,report_latest.pdf
Faridpur,FY2025-26,2025,10,2025-10,28.27,report_latest.pdf
Feni,FY2025-26,2025,10,2025-10,68.41,report_latest.pdf
Gaibandha,FY2025-26,2025,10,2025-10,6.81,report_latest.pdf
Gazipur,FY2025-26,2025,10,2025-10,37.34,report_latest.pdf
Gopalganj,FY2025-26,2025,10,2025-10,12.94,report_latest.pdf
Habiganj,FY2025-26,2025,10,2025-10,29.47,report_latest.pdf
Jamalpur,FY2025-26,2025,10,2025-10,13.08,report_latest.pdf
Jashore,FY2025-26,2025,10,2025-10,21.79,report_latest.pdf
Jhalokati,FY2025-26,2025,10,2025-10,4.97,report_latest.pdf
Jhenaidah,FY2025-26,2025,10,2025-10,11.92,report_latest.pdf
Joypurhat,FY2025-26,2025,10,2025-10,3.89,report_latest.pdf
Khagrachhari,FY2025-26,2025,10,2025-10,2.45,report_latest.pdf
Khulna,FY2025-26,2025,10,2025-10,12.83,report_latest.pdf
Kishoreganj,FY2025-26,2025,10,2025-10,38.62,report_latest.pdf
Kurigram,FY2025-26,2025,10,2025-10,4.23,report_latest.pdf
Kushtia,FY2025-26,2025,10,2025-10,17.93,report_latest.pdf
Lakshmipur,FY2025-26,2025,10,2025-10,40.82,report_latest.pdf
Lalmonirhat,FY2025-26,2025,10,2025-10,1.4,report_latest.pdf
Madaripur,FY2025-26,2025,10,2025-10,39.1,report_latest.pdf
Magura,FY2025-26,2025,10,2025-10,6.03,report_latest.pdf
Manikganj,FY2025-26,2025,10,2025-10,23.89,report_latest.pdf
Meherpur,FY2025-26,2025,10,2025-10,7.9,report_latest.pdf
Moulvibazar,FY2025-26,2025,10,2025-10,43.97,report_latest.pdf
Munshiganj,FY2025-26,2025,10,2025-10,45.53,report_latest.pdf
Mymensingh,FY2025-26,2025,10,2025-10,24.09,report_latest.pdf
Naogaon,FY2025-26,2025,10,2025-10,8.92,report_latest.pdf
Narail,FY2025-26,2025,10,2025-10,4.72,report_latest.pdf
Narayanganj,FY2025-26,2025,10,2025-10,37.22,report_latest.pdf
Narsingdi,FY2025-26,2025,10,2025-10,35.36,report_latest.pdf
Natore,FY2025-26,2025,10,2025-10,6.38,report_latest.pdf
Netrokona,FY2025-26,2025,10,2025-10,6.47,report_latest.pdf
Nilphamari,FY2025-26,2025,10,2025-10,3.35,report_latest.pdf
Noakhali,FY2025-26,2025,10,2025-10,81.29,report_latest.pdf
Pabna,FY2025-26,2025,10,2025-10,16.76,report_latest.pdf
Panchagarh,FY2025-26,2025,10,2025-10,1.28,report_latest.pdf
Patuakhali,FY2025-26,2025,10,2025-10,6.25,report_latest.pdf
Pirojpur,FY2025-26,2025,10,2025-10,9.11,report_latest.pdf
Rajbari,FY2025-26,2025,10,2025-10,10.22,report_latest.pdf
Rajshahi,FY2025-26,2025,10,2025-10,9.27,report_latest.pdf
Rangamati,FY2025-26,2025,10,2025-10,1.32,report_latest.pdf
Rangpur,FY2025-26,2025,10,2025-10,5.87,report_latest.pdf
Satkhira,FY2025-26,2025,10,2025-10,9.14,report_latest.pdf
Shariatpur,FY2025-26,2025,10,2025-10,27.33,report_latest.pdf
Sherpur,FY2025-26,2025,10,2025-10,3.2,report_latest.pdf
Sirajganj,FY2025-26,2025,10,2025-10,11.6,report_latest.pdf
Sunamganj,FY2025-26,2025,10,2025-10,27.59,report_latest.pdf
Sylhet,FY2025-26,2025,10,2025-10,117.09,report_latest.pdf
Tangail,FY2025-26,2025,10,2025-10,50.79,report_latest.pdf
Thakurgaon,FY2025-26,2025,10,2025-10,3.08,report_latest.pdf
Bagerhat,FY2025-26,2025,11,2025-11,7.94,report_latest.pdf
Bandarban,FY2025-26,2025,11,2025-11,1.75,report_latest.pdf
Barguna,FY2025-26,2025,11,2025-11,13.72,report_latest.pdf
Barisal,FY2025-26,2025,11,2025-11,26.44,report_latest.pdf
Bhola,FY2025-26,2025,11,2025-11,13.0,report_latest.pdf
Bogura,FY2025-26,2025,11,2025-11,21.09,report_latest.pdf
Brahmanbaria,FY2025-26,2025,11,2025-11,75.3,report_latest.pdf
Chandpur,FY2025-26,2025,11,2025-11,65.57,report_latest.pdf
Chapainawabganj,FY2025-26,2025,11,2025-11,13.17,report_latest.pdf
Chattogram,FY2025-26,2025,11,2025-11,264.07,report_latest.pdf
Chuadanga,FY2025-26,2025,11,2025-11,12.3,report_latest.pdf
Comilla,FY2025-26,2025,11,2025-11,166.5,report_latest.pdf
Coxsbazar,FY2025-26,2025,11,2025-11,14.87,report_latest.pdf
Dhaka,FY2025-26,2025,11,2025-11,1052.2,report_latest.pdf
Dinajpur,FY2025-26,2025,11,2025-11,5.91,report_latest.pdf
Faridpur,FY2025-26,2025,11,2025-11,29.71,report_latest.pdf
Feni,FY2025-26,2025,11,2025-11,84.95,report_latest.pdf
Gaibandha,FY2025-26,2025,11,2025-11,6.57,report_latest.pdf
Gazipur,FY2025-26,2025,11,2025-11,40.9,report_latest.pdf
Gopalganj,FY2025-26,2025,11,2025-11,14.9,report_latest.pdf
Habiganj,FY2025-26,2025,11,2025-11,31.61,report_latest.pdf
Jamalpur,FY2025-26,2025,11,2025-11,14.7,report_latest.pdf
Jashore,FY2025-26,2025,11,2025-11,25.74,report_latest.pdf
Jhalokati,FY2025-26,2025,11,2025-11,5.99,report_latest.pdf
Jhenaidah,FY2025-26,2025,11,2025-11,13.76,report_latest.pdf
Joypurhat,FY2025-26,2025,11,2025-11,3.99,report_latest.pdf
Khagrachhari,FY2025-26,2025,11,2025-11,2.65,report_latest.pdf
Khulna,FY2025-26,2025,11,2025-11,13.32,report_latest.pdf
Kishoreganj,FY2025-26,2025,11,2025-11,40.62,report_latest.pdf
Kurigram,FY2025-26,2025,11,2025-11,6.24,report_latest.pdf
Kushtia,FY2025-26,2025,11,2025-11,19.27,report_latest.pdf
Lakshmipur,FY2025-26,2025,11,2025-11,43.99,report_latest.pdf
Lalmonirhat,FY2025-26,2025,11,2025-11,1.38,report_latest.pdf
Madaripur,FY2025-26,2025,11,2025-11,40.9,report_latest.pdf
Magura,FY2025-26,2025,11,2025-11,6.73,report_latest.pdf
Manikganj,FY2025-26,2025,11,2025-11,24.28,report_latest.pdf
Meherpur,FY2025-26,2025,11,2025-11,8.44,report_latest.pdf
Moulvibazar,FY2025-26,2025,11,2025-11,43.24,report_latest.pdf
Munshiganj,FY2025-26,2025,11,2025-11,52.5,report_latest.pdf
Mymensingh,FY2025-26,2025,11,2025-11,26.05,report_latest.pdf
Naogaon,FY2025-26,2025,11,2025-11,9.67,report_latest.pdf
Narail,FY2025-26,2025,11,2025-11,5.38,report_latest.pdf
Narayanganj,FY2025-26,2025,11,2025-11,42.21,report_latest.pdf
Narsingdi,FY2025-26,2025,11,2025-11,41.75,report_latest.pdf
Natore,FY2025-26,2025,11,2025-11,7.24,report_latest.pdf
Netrokona,FY2025-26,2025,11,2025-11,6.66,report_latest.pdf
Nilphamari,FY2025-26,2025,11,2025-11,3.8,report_latest.pdf
Noakhali,FY2025-26,2025,11,2025-11,84.85,report_latest.pdf
Pabna,FY2025-26,2025,11,2025-11,18.27,report_latest.pdf
Panchagarh,FY2025-26,2025,11,2025-11,1.48,report_latest.pdf
Patuakhali,FY2025-26,2025,11,2025-11,7.16,report_latest.pdf
Pirojpur,FY2025-26,2025,11,2025-11,9.44,report_latest.pdf
Rajbari,FY2025-26,2025,11,2025-11,10.52,report_latest.pdf
Rajshahi,FY2025-26,2025,11,2025-11,10.23,report_latest.pdf
Rangamati,FY2025-26,2025,11,2025-11,1.73,report_latest.pdf
Rangpur,FY2025-26,2025,11,2025-11,7.1,report_latest.pdf
Satkhira,FY2025-26,2025,11,2025-11,11.34,report_latest.pdf
Shariatpur,FY2025-26,2025,11,2025-11,28.61,report_latest.pdf
Sherpur,FY2025-26,2025,11,2025-11,3.17,report_latest.pdf
Sirajganj,FY2025-26,2025,11,2025-11,14.23,report_latest.pdf
Sunamganj,FY2025-26,2025,11,2025-11,30.79,report_latest.pdf
Sylhet,FY2025-26,2025,11,2025-11,120.49,report_latest.pdf
Tangail,FY2025-26,2025,11,2025-11,54.16,report_latest.pdf
Thakurgaon,FY2025-26,2025,11,2025-11,3.21,report_latest.pdf
Bagerhat,FY2025-26,2025,12,2025-12,8.29,report_latest.pdf
Bandarban,FY2025-26,2025,12,2025-12,1.83,report_latest.pdf
Barguna,FY2025-26,2025,12,2025-12,11.6,report_latest.pdf
Barisal,FY2025-26,2025,12,2025-12,22.57,report_latest.pdf
Bhola,FY2025-26,2025,12,2025-12,13.16,report_latest.pdf
Bogura,FY2025-26,2025,12,2025-12,20.85,report_latest.pdf
Brahmanbaria,FY2025-26,2025,12,2025-12,79.02,report_latest.pdf
Chandpur,FY2025-26,2025,12,2025-12,69.95,report_latest.pdf
Chapainawabganj,FY2025-26,2025,12,2025-12,15.39,report_latest.pdf
Chattogram,FY2025-26,2025,12,2025-12,360.56,report_latest.pdf
Chuadanga,FY2025-26,2025,12,2025-12,10.72,report_latest.pdf
Comilla,FY2025-26,2025,12,2025-12,181.89,report_latest.pdf
Coxsbazar,FY2025-26,2025,12,2025-12,17.77,report_latest.pdf
Dhaka,FY2025-26,2025,12,2025-12,1151.75,report_latest.pdf
Dinajpur,FY2025-26,2025,12,2025-12,5.71,report_latest.pdf
Faridpur,FY2025-26,2025,12,2025-12,29.08,report_latest.pdf
Feni,FY2025-26,2025,12,2025-12,95.99,report_latest.pdf
Gaibandha,FY2025-26,2025,12,2025-12,6.43,report_latest.pdf
Gazipur,FY2025-26,2025,12,2025-12,41.96,report_latest.pdf
Gopalganj,FY2025-26,2025,12,2025-12,14.31,report_latest.pdf
Habiganj,FY2025-26,2025,12,2025-12,34.98,report_latest.pdf
Jamalpur,FY2025-26,2025,12,2025-12,15.24,report_latest.pdf
Jashore,FY2025-26,2025,12,2025-12,26.43,report_latest.pdf
Jhalokati,FY2025-26,2025,12,2025-12,5.53,report_latest.pdf
Jhenaidah,FY2025-26,2025,12,2025-12,13.66,report_latest.pdf
Joypurhat,FY2025-26,2025,12,2025-12,4.22,report_latest.pdf
Khagrachhari,FY2025-26,2025,12,2025-12,3.28,report_latest.pdf
Khulna,FY2025-26,2025,12,2025-12,14.65,report_latest.pdf
Kishoreganj,FY2025-26,2025,12,2025-12,42.56,report_latest.pdf
Kurigram,FY2025-26,2025,12,2025-12,4.28,report_latest.pdf
Kushtia,FY2025-26,2025,12,2025-12,18.08,report_latest.pdf
Lakshmipur,FY2025-26,2025,12,2025-12,47.55,report_latest.pdf
Lalmonirhat,FY2025-26,2025,12,2025-12,1.84,report_latest.pdf
Madaripur,FY2025-26,2025,12,2025-12,47.39,report_latest.pdf
Magura,FY2025-26,2025,12,2025-12,7.02,report_latest.pdf
Manikganj,FY2025-26,2025,12,2025-12,24.3,report_latest.pdf
Meherpur,FY2025-26,2025,12,2025-12,8.55,report_latest.pdf
Moulvibazar,FY2025-26,2025,12,2025-12,51.23,report_latest.pdf
Munshiganj,FY2025-26,2025,12,2025-12,56.28,report_latest.pdf
Mymensingh,FY2025-26,2025,12,2025-12,26.89,report_latest.pdf
Naogaon,FY2025-26,2025,12,2025-12,10.32,report_latest.pdf
Narail,FY2025-26,2025,12,2025-12,5.94,report_latest.pdf
Narayanganj,FY2025-26,2025,12,2025-12,49.6,report_latest.pdf
Narsingdi,FY2025-26,2025,12,2025-12,48.8,report_latest.pdf
Natore,FY2025-26,2025,12,2025-12,6.84,report_latest.pdf
Netrokona,FY2025-26,2025,12,2025-12,6.8,report_latest.pdf
Nilphamari,FY2025-26,2025,12,2025-12,4.07,report_latest.pdf
Noakhali,FY2025-26,2025,12,2025-12,98.72,report_latest.pdf
Pabna,FY2025-26,2025,12,2025-12,18.28,report_latest.pdf
Panchagarh,FY2025-26,2025,12,2025-12,1.75,report_latest.pdf
Patuakhali,FY2025-26,2025,12,2025-12,7.99,report_latest.pdf
Pirojpur,FY2025-26,2025,12,2025-12,9.44,report_latest.pdf
Rajbari,FY2025-26,2025,12,2025-12,10.99,report_latest.pdf
Rajshahi,FY2025-26,2025,12,2025-12,13.82,report_latest.pdf
Rangamati,FY2025-26,2025,12,2025-12,1.88,report_latest.pdf
Rangpur,FY2025-26,2025,12,2025-12,6.85,report_latest.pdf
Satkhira,FY2025-26,2025,12,2025-12,12.81,report_latest.pdf
Shariatpur,FY2025-26,2025,12,2025-12,33.7,report_latest.pdf
Sherpur,FY2025-26,2025,12,2025-12,4.02,report_latest.pdf
Sirajganj,FY2025-26,2025,12,2025-12,14.89,report_latest.pdf
Sunamganj,FY2025-26,2025,12,2025-12,35.4,report_latest.pdf
Sylhet,FY2025-26,2025,12,2025-12,146.02,report_latest.pdf
Tangail,FY2025-26,2025,12,2025-12,58.73,report_latest.pdf
Thakurgaon,FY2025-26,2025,12,2025-12,3.23,report_latest.pdf
Bagerhat,FY2025-26,2026,1,2026-01,8.7,report_latest.pdf
Bandarban,FY2025-26,2026,1,2026-01,1.73,report_latest.pdf
Barguna,FY2025-26,2026,1,2026-01,9.29,report_latest.pdf
Barisal,FY2025-26,2026,1,2026-01,23.39,report_latest.pdf
Bhola,FY2025-26,2026,1,2026-01,12.34,report_latest.pdf
Bogura,FY2025-26,2026,1,2026-01,20.61,report_latest.pdf
Brahmanbaria,FY2025-26,2026,1,2026-01,82.58,report_latest.pdf
Chandpur,FY2025-26,2026,1,2026-01,71.15,report_latest.pdf
Chapainawabganj,FY2025-26,2026,1,2026-01,15.62,report_latest.pdf
Chattogram,FY2025-26,2026,1,2026-01,309.61,report_latest.pdf
Chuadanga,FY2025-26,2026,1,2026-01,9.88,report_latest.pdf
Comilla,FY2025-26,2026,1,2026-01,193.16,report_latest.pdf
Coxsbazar,FY2025-26,2026,1,2026-01,18.57,report_latest.pdf
Dhaka,FY2025-26,2026,1,2026-01,1130.95,report_latest.pdf
Dinajpur,FY2025-26,2026,1,2026-01,5.35,report_latest.pdf
Faridpur,FY2025-26,2026,1,2026-01,29.78,report_latest.pdf
Feni,FY2025-26,2026,1,2026-01,95.2,report_latest.pdf
Gaibandha,FY2025-26,2026,1,2026-01,5.46,report_latest.pdf
Gazipur,FY2025-26,2026,1,2026-01,42.26,report_latest.pdf
Gopalganj,FY2025-26,2026,1,2026-01,13.62,report_latest.pdf
Habiganj,FY2025-26,2026,1,2026-01,40.85,report_latest.pdf
Jamalpur,FY2025-26,2026,1,2026-01,16.09,report_latest.pdf
Jashore,FY2025-26,2026,1,2026-01,24.33,report_latest.pdf
Jhalokati,FY2025-26,2026,1,2026-01,4.71,report_latest.pdf
Jhenaidah,FY2025-26,2026,1,2026-01,13.47,report_latest.pdf
Joypurhat,FY2025-26,2026,1,2026-01,3.69,report_latest.pdf
Khagrachhari,FY2025-26,2026,1,2026-01,3.07,report_latest.pdf
Khulna,FY2025-26,2026,1,2026-01,15.27,report_latest.pdf
Kishoreganj,FY2025-26,2026,1,2026-01,40.49,report_latest.pdf
Kurigram,FY2025-26,2026,1,2026-01,4.05,report_latest.pdf
Kushtia,FY2025-26,2026,1,2026-01,17.24,report_latest.pdf
Lakshmipur,FY2025-26,2026,1,2026-01,47.68,report_latest.pdf
Lalmonirhat,FY2025-26,2026,1,2026-01,1.62,report_latest.pdf
Madaripur,FY2025-26,2026,1,2026-01,47.21,report_latest.pdf
Magura,FY2025-26,2026,1,2026-01,6.44,report_latest.pdf
Manikganj,FY2025-26,2026,1,2026-01,22.59,report_latest.pdf
Meherpur,FY2025-26,2026,1,2026-01,8.42,report_latest.pdf
Moulvibazar,FY2025-26,2026,1,2026-01,54.93,report_latest.pdf
Munshiganj,FY2025-26,2026,1,2026-01,54.51,report_latest.pdf
Mymensingh,FY2025-26,2026,1,2026-01,26.52,report_latest.pdf
Naogaon,FY2025-26,2026,1,2026-01,10.64,report_latest.pdf
Narail,FY2025-26,2026,1,2026-01,6.52,report_latest.pdf
Narayanganj,FY2025-26,2026,1,2026-01,48.34,report_latest.pdf
Narsingdi,FY2025-26,2026,1,2026-01,42.16,report_latest.pdf
Natore,FY2025-26,2026,1,2026-01,6.15,report_latest.pdf
Netrokona,FY2025-26,2026,1,2026-01,6.0,report_latest.pdf
Nilphamari,FY2025-26,2026,1,2026-01,4.94,report_latest.pdf
Noakhali,FY2025-26,2026,1,2026-01,100.53,report_latest.pdf
Pabna,FY2025-26,2026,1,2026-01,17.06,report_latest.pdf
Panchagarh,FY2025-26,2026,1,2026-01,1.54,report_latest.pdf
Patuakhali,FY2025-26,2026,1,2026-01,8.35,report_latest.pdf
Pirojpur,FY2025-26,2026,1,2026-01,9.49,report_latest.pdf
Rajbari,FY2025-26,2026,1,2026-01,11.12,report_latest.pdf
Rajshahi,FY2025-26,2026,1,2026-01,13.96,report_latest.pdf
Rangamati,FY2025-26,2026,1,2026-01,1.87,report_latest.pdf
Rangpur,FY2025-26,2026,1,2026-01,6.74,report_latest.pdf
Satkhira,FY2025-26,2026,1,2026-01,12.35,report_latest.pdf
Shariatpur,FY2025-26,2026,1,2026-01,32.97,report_latest.pdf
Sherpur,FY2025-26,2026,1,2026-01,3.8,report_latest.pdf
Sirajganj,FY2025-26,2026,1,2026-01,14.17,report_latest.pdf
Sunamganj,FY2025-26,2026,1,2026-01,35.91,report_latest.pdf
Sylhet,FY2025-26,2026,1,2026-01,159.04,report_latest.pdf
Tangail,FY2025-26,2026,1,2026-01,62.68,report_latest.pdf
Thakurgaon,FY2025-26,2026,1,2026-01,2.86,report_latest.pdf
Bagerhat,FY2025-26,2026,2,2026-02,8.62,report_latest.pdf
Bandarban,FY2025-26,2026,2,2026-02,1.97,report_latest.pdf
Barguna,FY2025-26,2026,2,2026-02,6.2,report_latest.pdf
Barisal,FY2025-26,2026,2,2026-02,21.31,report_latest.pdf
Bhola,FY2025-26,2026,2,2026-02,12.46,report_latest.pdf
Bogura,FY2025-26,2026,2,2026-02,20.09,report_latest.pdf
Brahmanbaria,FY2025-26,2026,2,2026-02,79.22,report_latest.pdf
Chandpur,FY2025-26,2026,2,2026-02,67.51,report_latest.pdf
Chapainawabganj,FY2025-26,2026,2,2026-02,12.93,report_latest.pdf
Chattogram,FY2025-26,2026,2,2026-02,278.78,report_latest.pdf
Chuadanga,FY2025-26,2026,2,2026-02,9.98,report_latest.pdf
Comilla,FY2025-26,2026,2,2026-02,184.25,report_latest.pdf
Coxsbazar,FY2025-26,2026,2,2026-02,18.77,report_latest.pdf
Dhaka,FY2025-26,2026,2,2026-02,1114.51,report_latest.pdf
Dinajpur,FY2025-26,2026,2,2026-02,5.59,report_latest.pdf
Faridpur,FY2025-26,2026,2,2026-02,30.08,report_latest.pdf
Feni,FY2025-26,2026,2,2026-02,85.97,report_latest.pdf
Gaibandha,FY2025-26,2026,2,2026-02,5.08,report_latest.pdf
Gazipur,FY2025-26,2026,2,2026-02,41.27,report_latest.pdf
Gopalganj,FY2025-26,2026,2,2026-02,12.09,report_latest.pdf
Habiganj,FY2025-26,2026,2,2026-02,34.36,report_latest.pdf
Jamalpur,FY2025-26,2026,2,2026-02,14.48,report_latest.pdf
Jashore,FY2025-26,2026,2,2026-02,26.3,report_latest.pdf
Jhalokati,FY2025-26,2026,2,2026-02,4.61,report_latest.pdf
Jhenaidah,FY2025-26,2026,2,2026-02,12.63,report_latest.pdf
Joypurhat,FY2025-26,2026,2,2026-02,3.8,report_latest.pdf
Khagrachhari,FY2025-26,2026,2,2026-02,3.43,report_latest.pdf
Khulna,FY2025-26,2026,2,2026-02,14.15,report_latest.pdf
Kishoreganj,FY2025-26,2026,2,2026-02,37.58,report_latest.pdf
Kurigram,FY2025-26,2026,2,2026-02,4.13,report_latest.pdf
Kushtia,FY2025-26,2026,2,2026-02,17.55,report_latest.pdf
Lakshmipur,FY2025-26,2026,2,2026-02,47.08,report_latest.pdf
Lalmonirhat,FY2025-26,2026,2,2026-02,1.71,report_latest.pdf
Madaripur,FY2025-26,2026,2,2026-02,45.53,report_latest.pdf
Magura,FY2025-26,2026,2,2026-02,6.96,report_latest.pdf
Manikganj,FY2025-26,2026,2,2026-02,20.38,report_latest.pdf
Meherpur,FY2025-26,2026,2,2026-02,8.37,report_latest.pdf
Moulvibazar,FY2025-26,2026,2,2026-02,49.39,report_latest.pdf
Munshiganj,FY2025-26,2026,2,2026-02,53.53,report_latest.pdf
Mymensingh,FY2025-26,2026,2,2026-02,25.37,report_latest.pdf
Naogaon,FY2025-26,2026,2,2026-02,10.94,report_latest.pdf
Narail,FY2025-26,2026,2,2026-02,6.93,report_latest.pdf
Narayanganj,FY2025-26,2026,2,2026-02,46.82,report_latest.pdf
Narsingdi,FY2025-26,2026,2,2026-02,39.49,report_latest.pdf
Natore,FY2025-26,2026,2,2026-02,6.22,report_latest.pdf
Netrokona,FY2025-26,2026,2,2026-02,5.52,report_latest.pdf
Nilphamari,FY2025-26,2026,2,2026-02,4.97,report_latest.pdf
Noakhali,FY2025-26,2026,2,2026-02,90.66,report_latest.pdf
Pabna,FY2025-26,2026,2,2026-02,18.07,report_latest.pdf
Panchagarh,FY2025-26,2026,2,2026-02,2.0,report_latest.pdf
Patuakhali,FY2025-26,2026,2,2026-02,7.1,report_latest.pdf
Pirojpur,FY2025-26,2026,2,2026-02,8.88,report_latest.pdf
Rajbari,FY2025-26,2026,2,2026-02,10.98,report_latest.pdf
Rajshahi,FY2025-26,2026,2,2026-02,13.33,report_latest.pdf
Rangamati,FY2025-26,2026,2,2026-02,2.18,report_latest.pdf
Rangpur,FY2025-26,2026,2,2026-02,6.37,report_latest.pdf
Satkhira,FY2025-26,2026,2,2026-02,12.69,report_latest.pdf
Shariatpur,FY2025-26,2026,2,2026-02,31.92,report_latest.pdf
Sherpur,FY2025-26,2026,2,2026-02,3.34,report_latest.pdf
Sirajganj,FY2025-26,2026,2,2026-02,15.08,report_latest.pdf
Sunamganj,FY2025-26,2026,2,2026-02,32.58,report_latest.pdf
Sylhet,FY2025-26,2026,2,2026-02,138.0,report_latest.pdf
Tangail,FY2025-26,2026,2,2026-02,54.56,report_latest.pdf
Thakurgaon,FY2025-26,2026,2,2026-02,2.82,report_latest.pdf
Bagerhat,FY2025-26,2026,3,2026-03,11.68,report_latest.pdf
Bandarban,FY2025-26,2026,3,2026-03,2.7,report_latest.pdf
Barguna,FY2025-26,2026,3,2026-03,6.67,report_latest.pdf
Barisal,FY2025-26,2026,3,2026-03,24.85,report_latest.pdf
Bhola,FY2025-26,2026,3,2026-03,14.43,report_latest.pdf
Bogura,FY2025-26,2026,3,2026-03,23.23,report_latest.pdf
Brahmanbaria,FY2025-26,2026,3,2026-03,103.01,report_latest.pdf
Chandpur,FY2025-26,2026,3,2026-03,84.91,report_latest.pdf
Chapainawabganj,FY2025-26,2026,3,2026-03,15.35,report_latest.pdf
Chattogram,FY2025-26,2026,3,2026-03,413.04,report_latest.pdf
Chuadanga,FY2025-26,2026,3,2026-03,11.55,report_latest.pdf
Comilla,FY2025-26,2026,3,2026-03,243.4,report_latest.pdf
Coxsbazar,FY2025-26,2026,3,2026-03,28.31,report_latest.pdf
Dhaka,FY2025-26,2026,3,2026-03,1351.76,report_latest.pdf
Dinajpur,FY2025-26,2026,3,2026-03,6.86,report_latest.pdf
Faridpur,FY2025-26,2026,3,2026-03,36.19,report_latest.pdf
Feni,FY2025-26,2026,3,2026-03,111.79,report_latest.pdf
Gaibandha,FY2025-26,2026,3,2026-03,6.16,report_latest.pdf
Gazipur,FY2025-26,2026,3,2026-03,49.48,report_latest.pdf
Gopalganj,FY2025-26,2026,3,2026-03,14.77,report_latest.pdf
Habiganj,FY2025-26,2026,3,2026-03,40.77,report_latest.pdf
Jamalpur,FY2025-26,2026,3,2026-03,16.72,report_latest.pdf
Jashore,FY2025-26,2026,3,2026-03,29.5,report_latest.pdf
Jhalokati,FY2025-26,2026,3,2026-03,6.0,report_latest.pdf
Jhenaidah,FY2025-26,2026,3,2026-03,14.55,report_latest.pdf
Joypurhat,FY2025-26,2026,3,2026-03,4.58,report_latest.pdf
Khagrachhari,FY2025-26,2026,3,2026-03,3.26,report_latest.pdf
Khulna,FY2025-26,2026,3,2026-03,18.54,report_latest.pdf
Kishoreganj,FY2025-26,2026,3,2026-03,45.67,report_latest.pdf
Kurigram,FY2025-26,2026,3,2026-03,4.26,report_latest.pdf
Kushtia,FY2025-26,2026,3,2026-03,19.94,report_latest.pdf
Lakshmipur,FY2025-26,2026,3,2026-03,60.12,report_latest.pdf
Lalmonirhat,FY2025-26,2026,3,2026-03,1.93,report_latest.pdf
Madaripur,FY2025-26,2026,3,2026-03,51.87,report_latest.pdf
Magura,FY2025-26,2026,3,2026-03,7.16,report_latest.pdf
Manikganj,FY2025-26,2026,3,2026-03,25.33,report_latest.pdf
Meherpur,FY2025-26,2026,3,2026-03,8.49,report_latest.pdf
Moulvibazar,FY2025-26,2026,3,2026-03,61.81,report_latest.pdf
Munshiganj,FY2025-26,2026,3,2026-03,62.13,report_latest.pdf
Mymensingh,FY2025-26,2026,3,2026-03,30.32,report_latest.pdf
Naogaon,FY2025-26,2026,3,2026-03,12.93,report_latest.pdf
Narail,FY2025-26,2026,3,2026-03,7.81,report_latest.pdf
Narayanganj,FY2025-26,2026,3,2026-03,59.4,report_latest.pdf
Narsingdi,FY2025-26,2026,3,2026-03,50.06,report_latest.pdf
Natore,FY2025-26,2026,3,2026-03,7.24,report_latest.pdf
Netrokona,FY2025-26,2026,3,2026-03,6.11,report_latest.pdf
Nilphamari,FY2025-26,2026,3,2026-03,6.25,report_latest.pdf
Noakhali,FY2025-26,2026,3,2026-03,111.51,report_latest.pdf
Pabna,FY2025-26,2026,3,2026-03,20.95,report_latest.pdf
Panchagarh,FY2025-26,2026,3,2026-03,2.15,report_latest.pdf
Patuakhali,FY2025-26,2026,3,2026-03,7.56,report_latest.pdf
Pirojpur,FY2025-26,2026,3,2026-03,11.16,report_latest.pdf
Rajbari,FY2025-26,2026,3,2026-03,12.52,report_latest.pdf
Rajshahi,FY2025-26,2026,3,2026-03,15.75,report_latest.pdf
Rangamati,FY2025-26,2026,3,2026-03,2.28,report_latest.pdf
Rangpur,FY2025-26,2026,3,2026-03,7.08,report_latest.pdf
Satkhira,FY2025-26,2026,3,2026-03,14.64,report_latest.pdf
Shariatpur,FY2025-26,2026,3,2026-03,37.73,report_latest.pdf
Sherpur,FY2025-26,2026,3,2026-03,3.65,report_latest.pdf
Sirajganj,FY2025-26,2026,3,2026-03,18.34,report_latest.pdf
Sunamganj,FY2025-26,2026,3,2026-03,37.38,report_latest.pdf
Sylhet,FY2025-26,2026,3,2026-03,161.13,report_latest.pdf
Tangail,FY2025-26,2026,3,2026-03,62.3,report_latest.pdf
Thakurgaon,FY2025-26,2026,3,2026-03,3.15,report_latest.pdf
Bagerhat,FY2025-26,2026,4,2026-04,8.71,report_latest.pdf
Bandarban,FY2025-26,2026,4,2026-04,2.77,report_latest.pdf
Barguna,FY2025-26,2026,4,2026-04,5.73,report_latest.pdf
Barisal,FY2025-26,2026,4,2026-04,23.53,report_latest.pdf
Bhola,FY2025-26,2026,4,2026-04,12.46,report_latest.pdf
Bogura,FY2025-26,2026,4,2026-04,19.69,report_latest.pdf
Brahmanbaria,FY2025-26,2026,4,2026-04,77.78,report_latest.pdf
Chandpur,FY2025-26,2026,4,2026-04,65.87,report_latest.pdf
Chapainawabganj,FY2025-26,2026,4,2026-04,13.8,report_latest.pdf
Chattogram,FY2025-26,2026,4,2026-04,276.49,report_latest.pdf
Chuadanga,FY2025-26,2026,4,2026-04,9.81,report_latest.pdf
Comilla,FY2025-26,2026,4,2026-04,181.27,report_latest.pdf
Coxsbazar,FY2025-26,2026,4,2026-04,24.1,report_latest.pdf
Dhaka,FY2025-26,2026,4,2026-04,1228.29,report_latest.pdf
Dinajpur,FY2025-26,2026,4,2026-04,5.44,report_latest.pdf
Faridpur,FY2025-26,2026,4,2026-04,30.55,report_latest.pdf
Feni,FY2025-26,2026,4,2026-04,84.3,report_latest.pdf
Gaibandha,FY2025-26,2026,4,2026-04,5.42,report_latest.pdf
Gazipur,FY2025-26,2026,4,2026-04,41.91,report_latest.pdf
Gopalganj,FY2025-26,2026,4,2026-04,14.0,report_latest.pdf
Habiganj,FY2025-26,2026,4,2026-04,36.26,report_latest.pdf
Jamalpur,FY2025-26,2026,4,2026-04,14.34,report_latest.pdf
Jashore,FY2025-26,2026,4,2026-04,23.53,report_latest.pdf
Jhalokati,FY2025-26,2026,4,2026-04,4.89,report_latest.pdf
Jhenaidah,FY2025-26,2026,4,2026-04,11.42,report_latest.pdf
Joypurhat,FY2025-26,2026,4,2026-04,3.58,report_latest.pdf
Khagrachhari,FY2025-26,2026,4,2026-04,2.62,report_latest.pdf
Khulna,FY2025-26,2026,4,2026-04,17.37,report_latest.pdf
Kishoreganj,FY2025-26,2026,4,2026-04,37.69,report_latest.pdf
Kurigram,FY2025-26,2026,4,2026-04,4.29,report_latest.pdf
Kushtia,FY2025-26,2026,4,2026-04,16.86,report_latest.pdf
Lakshmipur,FY2025-26,2026,4,2026-04,44.39,report_latest.pdf
Lalmonirhat,FY2025-26,2026,4,2026-04,1.81,report_latest.pdf
Madaripur,FY2025-26,2026,4,2026-04,47.24,report_latest.pdf
Magura,FY2025-26,2026,4,2026-04,5.98,report_latest.pdf
Manikganj,FY2025-26,2026,4,2026-04,20.87,report_latest.pdf
Meherpur,FY2025-26,2026,4,2026-04,7.86,report_latest.pdf
Moulvibazar,FY2025-26,2026,4,2026-04,48.8,report_latest.pdf
Munshiganj,FY2025-26,2026,4,2026-04,55.05,report_latest.pdf
Mymensingh,FY2025-26,2026,4,2026-04,24.69,report_latest.pdf
Naogaon,FY2025-26,2026,4,2026-04,11.24,report_latest.pdf
Narail,FY2025-26,2026,4,2026-04,6.63,report_latest.pdf
Narayanganj,FY2025-26,2026,4,2026-04,50.02,report_latest.pdf
Narsingdi,FY2025-26,2026,4,2026-04,42.4,report_latest.pdf
Natore,FY2025-26,2026,4,2026-04,6.93,report_latest.pdf
Netrokona,FY2025-26,2026,4,2026-04,5.18,report_latest.pdf
Nilphamari,FY2025-26,2026,4,2026-04,5.49,report_latest.pdf
Noakhali,FY2025-26,2026,4,2026-04,89.56,report_latest.pdf
Pabna,FY2025-26,2026,4,2026-04,16.17,report_latest.pdf
Panchagarh,FY2025-26,2026,4,2026-04,2.48,report_latest.pdf
Patuakhali,FY2025-26,2026,4,2026-04,6.17,report_latest.pdf
Pirojpur,FY2025-26,2026,4,2026-04,8.71,report_latest.pdf
Rajbari,FY2025-26,2026,4,2026-04,9.94,report_latest.pdf
Rajshahi,FY2025-26,2026,4,2026-04,12.38,report_latest.pdf
Rangamati,FY2025-26,2026,4,2026-04,1.53,report_latest.pdf
Rangpur,FY2025-26,2026,4,2026-04,6.08,report_latest.pdf
Satkhira,FY2025-26,2026,4,2026-04,11.09,report_latest.pdf
Shariatpur,FY2025-26,2026,4,2026-04,29.75,report_latest.pdf
Sherpur,FY2025-26,2026,4,2026-04,3.35,report_latest.pdf
Sirajganj,FY2025-26,2026,4,2026-04,12.56,report_latest.pdf
Sunamganj,FY2025-26,2026,4,2026-04,34.44,report_latest.pdf
Sylhet,FY2025-26,2026,4,2026-04,133.69,report_latest.pdf
Tangail,FY2025-26,2026,4,2026-04,53.13,report_latest.pdf
Thakurgaon,FY2025-26,2026,4,2026-04,2.91,report_latest.pdf
Bagerhat,FY2025-26,2026,5,2026-05,8.24,report_latest.pdf
Bandarban,FY2025-26,2026,5,2026-05,2.13,report_latest.pdf
Barguna,FY2025-26,2026,5,2026-05,5.49,report_latest.pdf
Barisal,FY2025-26,2026,5,2026-05,20.73,report_latest.pdf
Bhola,FY2025-26,2026,5,2026-05,13.05,report_latest.pdf
Bogura,FY2025-26,2026,5,2026-05,22.21,report_latest.pdf
Brahmanbaria,FY2025-26,2026,5,2026-05,86.02,report_latest.pdf
Chandpur,FY2025-26,2026,5,2026-05,74.49,report_latest.pdf
Chapainawabganj,FY2025-26,2026,5,2026-05,14.61,report_latest.pdf
Chattogram,FY2025-26,2026,5,2026-05,369.83,report_latest.pdf
Chuadanga,FY2025-26,2026,5,2026-05,10.23,report_latest.pdf
Comilla,FY2025-26,2026,5,2026-05,211.19,report_latest.pdf
Coxsbazar,FY2025-26,2026,5,2026-05,21.59,report_latest.pdf
Dhaka,FY2025-26,2026,5,2026-05,1296.18,report_latest.pdf
Dinajpur,FY2025-26,2026,5,2026-05,5.19,report_latest.pdf
Faridpur,FY2025-26,2026,5,2026-05,31.23,report_latest.pdf
Feni,FY2025-26,2026,5,2026-05,94.44,report_latest.pdf
Gaibandha,FY2025-26,2026,5,2026-05,4.73,report_latest.pdf
Gazipur,FY2025-26,2026,5,2026-05,43.89,report_latest.pdf
Gopalganj,FY2025-26,2026,5,2026-05,13.09,report_latest.pdf
Habiganj,FY2025-26,2026,5,2026-05,39.46,report_latest.pdf
Jamalpur,FY2025-26,2026,5,2026-05,14.2,report_latest.pdf
Jashore,FY2025-26,2026,5,2026-05,26.61,report_latest.pdf
Jhalokati,FY2025-26,2026,5,2026-05,4.42,report_latest.pdf
Jhenaidah,FY2025-26,2026,5,2026-05,12.68,report_latest.pdf
Joypurhat,FY2025-26,2026,5,2026-05,3.93,report_latest.pdf
Khagrachhari,FY2025-26,2026,5,2026-05,2.7,report_latest.pdf
Khulna,FY2025-26,2026,5,2026-05,16.51,report_latest.pdf
Kishoreganj,FY2025-26,2026,5,2026-05,42.85,report_latest.pdf
Kurigram,FY2025-26,2026,5,2026-05,3.74,report_latest.pdf
Kushtia,FY2025-26,2026,5,2026-05,17.26,report_latest.pdf
Lakshmipur,FY2025-26,2026,5,2026-05,50.29,report_latest.pdf
Lalmonirhat,FY2025-26,2026,5,2026-05,1.57,report_latest.pdf
Madaripur,FY2025-26,2026,5,2026-05,52.7,report_latest.pdf
Magura,FY2025-26,2026,5,2026-05,7.0,report_latest.pdf
Manikganj,FY2025-26,2026,5,2026-05,20.05,report_latest.pdf
Meherpur,FY2025-26,2026,5,2026-05,7.58,report_latest.pdf
Moulvibazar,FY2025-26,2026,5,2026-05,53.96,report_latest.pdf
Munshiganj,FY2025-26,2026,5,2026-05,57.43,report_latest.pdf
Mymensingh,FY2025-26,2026,5,2026-05,27.31,report_latest.pdf
Naogaon,FY2025-26,2026,5,2026-05,10.94,report_latest.pdf
Narail,FY2025-26,2026,5,2026-05,6.56,report_latest.pdf
Narayanganj,FY2025-26,2026,5,2026-05,51.22,report_latest.pdf
Narsingdi,FY2025-26,2026,5,2026-05,41.63,report_latest.pdf
Natore,FY2025-26,2026,5,2026-05,6.27,report_latest.pdf
Netrokona,FY2025-26,2026,5,2026-05,5.65,report_latest.pdf
Nilphamari,FY2025-26,2026,5,2026-05,4.27,report_latest.pdf
Noakhali,FY2025-26,2026,5,2026-05,102.99,report_latest.pdf
Pabna,FY2025-26,2026,5,2026-05,18.71,report_latest.pdf
Panchagarh,FY2025-26,2026,5,2026-05,1.51,report_latest.pdf
Patuakhali,FY2025-26,2026,5,2026-05,5.8,report_latest.pdf
Pirojpur,FY2025-26,2026,5,2026-05,9.39,report_latest.pdf
Rajbari,FY2025-26,2026,5,2026-05,11.44,report_latest.pdf
Rajshahi,FY2025-26,2026,5,2026-05,13.79,report_latest.pdf
Rangamati,FY2025-26,2026,5,2026-05,1.82,report_latest.pdf
Rangpur,FY2025-26,2026,5,2026-05,6.42,report_latest.pdf
Satkhira,FY2025-26,2026,5,2026-05,12.34,report_latest.pdf
Shariatpur,FY2025-26,2026,5,2026-05,33.98,report_latest.pdf
Sherpur,FY2025-26,2026,5,2026-05,3.23,report_latest.pdf
Sirajganj,FY2025-26,2026,5,2026-05,15.57,report_latest.pdf
Sunamganj,FY2025-26,2026,5,2026-05,36.93,report_latest.pdf
Sylhet,FY2025-26,2026,5,2026-05,169.54,report_latest.pdf
Tangail,FY2025-26,2026,5,2026-05,58.9,report_latest.pdf
Thakurgaon,FY2025-26,2026,5,2026-05,2.85,report_latest.pdf
Bagerhat,FY2025-26,2026,6,2026-06,7.95,report_latest.pdf
Bandarban,FY2025-26,2026,6,2026-06,1.56,report_latest.pdf
Barguna,FY2025-26,2026,6,2026-06,4.93,report_latest.pdf
Barisal,FY2025-26,2026,6,2026-06,16.88,report_latest.pdf
Bhola,FY2025-26,2026,6,2026-06,11.2,report_latest.pdf
Bogura,FY2025-26,2026,6,2026-06,17.96,report_latest.pdf
Brahmanbaria,FY2025-26,2026,6,2026-06,80.0,report_latest.pdf
Chandpur,FY2025-26,2026,6,2026-06,65.75,report_latest.pdf
Chapainawabganj,FY2025-26,2026,6,2026-06,11.97,report_latest.pdf
Chattogram,FY2025-26,2026,6,2026-06,230.57,report_latest.pdf
Chuadanga,FY2025-26,2026,6,2026-06,9.22,report_latest.pdf
Comilla,FY2025-26,2026,6,2026-06,190.94,report_latest.pdf
Coxsbazar,FY2025-26,2026,6,2026-06,18.7,report_latest.pdf
Dhaka,FY2025-26,2026,6,2026-06,1060.72,report_latest.pdf
Dinajpur,FY2025-26,2026,6,2026-06,4.8,report_latest.pdf
Faridpur,FY2025-26,2026,6,2026-06,29.16,report_latest.pdf
Feni,FY2025-26,2026,6,2026-06,73.84,report_latest.pdf
Gaibandha,FY2025-26,2026,6,2026-06,4.56,report_latest.pdf
Gazipur,FY2025-26,2026,6,2026-06,41.41,report_latest.pdf
Gopalganj,FY2025-26,2026,6,2026-06,12.21,report_latest.pdf
Habiganj,FY2025-26,2026,6,2026-06,32.61,report_latest.pdf
Jamalpur,FY2025-26,2026,6,2026-06,12.91,report_latest.pdf
Jashore,FY2025-26,2026,6,2026-06,21.27,report_latest.pdf
Jhalokati,FY2025-26,2026,6,2026-06,3.86,report_latest.pdf
Jhenaidah,FY2025-26,2026,6,2026-06,11.5,report_latest.pdf
Joypurhat,FY2025-26,2026,6,2026-06,3.52,report_latest.pdf
Khagrachhari,FY2025-26,2026,6,2026-06,2.81,report_latest.pdf
Khulna,FY2025-26,2026,6,2026-06,13.7,report_latest.pdf
Kishoreganj,FY2025-26,2026,6,2026-06,38.74,report_latest.pdf
Kurigram,FY2025-26,2026,6,2026-06,3.38,report_latest.pdf
Kushtia,FY2025-26,2026,6,2026-06,15.76,report_latest.pdf
Lakshmipur,FY2025-26,2026,6,2026-06,43.08,report_latest.pdf
Lalmonirhat,FY2025-26,2026,6,2026-06,1.53,report_latest.pdf
Madaripur,FY2025-26,2026,6,2026-06,48.92,report_latest.pdf
Magura,FY2025-26,2026,6,2026-06,6.23,report_latest.pdf
Manikganj,FY2025-26,2026,6,2026-06,20.78,report_latest.pdf
Meherpur,FY2025-26,2026,6,2026-06,7.67,report_latest.pdf
Moulvibazar,FY2025-26,2026,6,2026-06,42.46,report_latest.pdf
Munshiganj,FY2025-26,2026,6,2026-06,51.22,report_latest.pdf
Mymensingh,FY2025-26,2026,6,2026-06,25.32,report_latest.pdf
Naogaon,FY2025-26,2026,6,2026-06,10.28,report_latest.pdf
Narail,FY2025-26,2026,6,2026-06,6.03,report_latest.pdf
Narayanganj,FY2025-26,2026,6,2026-06,45.02,report_latest.pdf
Narsingdi,FY2025-26,2026,6,2026-06,33.12,report_latest.pdf
Natore,FY2025-26,2026,6,2026-06,5.44,report_latest.pdf
Netrokona,FY2025-26,2026,6,2026-06,5.06,report_latest.pdf
Nilphamari,FY2025-26,2026,6,2026-06,3.47,report_latest.pdf
Noakhali,FY2025-26,2026,6,2026-06,90.14,report_latest.pdf
Pabna,FY2025-26,2026,6,2026-06,14.72,report_latest.pdf
Panchagarh,FY2025-26,2026,6,2026-06,1.24,report_latest.pdf
Patuakhali,FY2025-26,2026,6,2026-06,5.24,report_latest.pdf
Pirojpur,FY2025-26,2026,6,2026-06,8.48,report_latest.pdf
Rajbari,FY2025-26,2026,6,2026-06,10.41,report_latest.pdf
Rajshahi,FY2025-26,2026,6,2026-06,10.01,report_latest.pdf
Rangamati,FY2025-26,2026,6,2026-06,2.01,report_latest.pdf
Rangpur,FY2025-26,2026,6,2026-06,5.92,report_latest.pdf
Satkhira,FY2025-26,2026,6,2026-06,10.07,report_latest.pdf
Shariatpur,FY2025-26,2026,6,2026-06,29.04,report_latest.pdf
Sherpur,FY2025-26,2026,6,2026-06,3.21,report_latest.pdf
Sirajganj,FY2025-26,2026,6,2026-06,10.96,report_latest.pdf
Sunamganj,FY2025-26,2026,6,2026-06,28.9,report_latest.pdf
Sylhet,FY2025-26,2026,6,2026-06,121.04,report_latest.pdf
Tangail,FY2025-26,2026,6,2026-06,55.16,report_latest.pdf
Thakurgaon,FY2025-26,2026,6,2026-06,2.45,report_latest.pdf
Bagerhat,FY2026-27,2026,7,2026-07,8.9,districtwise_current_FY2026-27.pdf
Bandarban,FY2026-27,2026,7,2026-07,4.0,districtwise_current_FY2026-27.pdf
Barguna,FY2026-27,2026,7,2026-07,5.2,districtwise_current_FY2026-27.pdf
Barisal,FY2026-27,2026,7,2026-07,19.7,districtwise_current_FY2026-27.pdf
Bhola,FY2026-27,2026,7,2026-07,11.1,districtwise_current_FY2026-27.pdf
Bogura,FY2026-27,2026,7,2026-07,19.1,districtwise_current_FY2026-27.pdf
Brahmanbaria,FY2026-27,2026,7,2026-07,79.8,districtwise_current_FY2026-27.pdf
Chandpur,FY2026-27,2026,7,2026-07,65.6,districtwise_current_FY2026-27.pdf
Chapainawabganj,FY2026-27,2026,7,2026-07,14.3,districtwise_current_FY2026-27.pdf
Chattogram,FY2026-27,2026,7,2026-07,201.8,districtwise_current_FY2026-27.pdf
Chuadanga,FY2026-27,2026,7,2026-07,9.4,districtwise_current_FY2026-27.pdf
Comilla,FY2026-27,2026,7,2026-07,185.4,districtwise_current_FY2026-27.pdf
Coxsbazar,FY2026-27,2026,7,2026-07,16.8,districtwise_current_FY2026-27.pdf
Dhaka,FY2026-27,2026,7,2026-07,1059.7,districtwise_current_FY2026-27.pdf
Dinajpur,FY2026-27,2026,7,2026-07,5.0,districtwise_current_FY2026-27.pdf
Faridpur,FY2026-27,2026,7,2026-07,31.1,districtwise_current_FY2026-27.pdf
Gaibandha,FY2026-27,2026,7,2026-07,5.3,districtwise_current_FY2026-27.pdf
Gazipur,FY2026-27,2026,7,2026-07,42.4,districtwise_current_FY2026-27.pdf
Gopalganj,FY2026-27,2026,7,2026-07,12.2,districtwise_current_FY2026-27.pdf
Habiganj,FY2026-27,2026,7,2026-07,35.8,districtwise_current_FY2026-27.pdf
Jamalpur,FY2026-27,2026,7,2026-07,14.2,districtwise_current_FY2026-27.pdf
Jashore,FY2026-27,2026,7,2026-07,24.1,districtwise_current_FY2026-27.pdf
Jhalokati,FY2026-27,2026,7,2026-07,4.2,districtwise_current_FY2026-27.pdf
Jhenaidah,FY2026-27,2026,7,2026-07,12.3,districtwise_current_FY2026-27.pdf
Joypurhat,FY2026-27,2026,7,2026-07,3.8,districtwise_current_FY2026-27.pdf
Khagrachhari,FY2026-27,2026,7,2026-07,2.8,districtwise_current_FY2026-27.pdf
Khulna,FY2026-27,2026,7,2026-07,15.1,districtwise_current_FY2026-27.pdf
Kishoreganj,FY2026-27,2026,7,2026-07,41.2,districtwise_current_FY2026-27.pdf
Kurigram,FY2026-27,2026,7,2026-07,3.8,districtwise_current_FY2026-27.pdf
Kushtia,FY2026-27,2026,7,2026-07,16.5,districtwise_current_FY2026-27.pdf
Lakshmipur,FY2026-27,2026,7,2026-07,44.2,districtwise_current_FY2026-27.pdf
Lalmonirhat,FY2026-27,2026,7,2026-07,1.7,districtwise_current_FY2026-27.pdf
Madaripur,FY2026-27,2026,7,2026-07,54.9,districtwise_current_FY2026-27.pdf
Magura,FY2026-27,2026,7,2026-07,6.1,districtwise_current_FY2026-27.pdf
Manikganj,FY2026-27,2026,7,2026-07,20.9,districtwise_current_FY2026-27.pdf
Meherpur,FY2026-27,2026,7,2026-07,9.0,districtwise_current_FY2026-27.pdf
Moulvibazar,FY2026-27,2026,7,2026-07,44.9,districtwise_current_FY2026-27.pdf
Munshiganj,FY2026-27,2026,7,2026-07,50.3,districtwise_current_FY2026-27.pdf
Mymensingh,FY2026-27,2026,7,2026-07,26.5,districtwise_current_FY2026-27.pdf
Naogaon,FY2026-27,2026,7,2026-07,10.7,districtwise_current_FY2026-27.pdf
Narail,FY2026-27,2026,7,2026-07,6.9,districtwise_current_FY2026-27.pdf
Narayanganj,FY2026-27,2026,7,2026-07,51.1,districtwise_current_FY2026-27.pdf
Narsingdi,FY2026-27,2026,7,2026-07,38.4,districtwise_current_FY2026-27.pdf
Natore,FY2026-27,2026,7,2026-07,6.0,districtwise_current_FY2026-27.pdf
Netrokona,FY2026-27,2026,7,2026-07,5.9,districtwise_current_FY2026-27.pdf
Nilphamari,FY2026-27,2026,7,2026-07,4.2,districtwise_current_FY2026-27.pdf
Noakhali,FY2026-27,2026,7,2026-07,88.3,districtwise_current_FY2026-27.pdf
Pabna,FY2026-27,2026,7,2026-07,16.7,districtwise_current_FY2026-27.pdf
Panchagarh,FY2026-27,2026,7,2026-07,1.4,districtwise_current_FY2026-27.pdf
Patuakhali,FY2026-27,2026,7,2026-07,5.4,districtwise_current_FY2026-27.pdf
Pirojpur,FY2026-27,2026,7,2026-07,8.9,districtwise_current_FY2026-27.pdf
Rajbari,FY2026-27,2026,7,2026-07,10.9,districtwise_current_FY2026-27.pdf
Rajshahi,FY2026-27,2026,7,2026-07,10.8,districtwise_current_FY2026-27.pdf
Rangamati,FY2026-27,2026,7,2026-07,1.6,districtwise_current_FY2026-27.pdf
Rangpur,FY2026-27,2026,7,2026-07,5.9,districtwise_current_FY2026-27.pdf
Satkhira,FY2026-27,2026,7,2026-07,10.5,districtwise_current_FY2026-27.pdf
Shariatpur,FY2026-27,2026,7,2026-07,30.2,districtwise_current_FY2026-27.pdf
Sherpur,FY2026-27,2026,7,2026-07,3.3,districtwise_current_FY2026-27.pdf
Sirajganj,FY2026-27,2026,7,2026-07,12.4,districtwise_current_FY2026-27.pdf
Sunamganj,FY2026-27,2026,7,2026-07,30.8,districtwise_current_FY2026-27.pdf
Sylhet,FY2026-27,2026,7,2026-07,143.5,districtwise_current_FY2026-27.pdf
Tangail,FY2026-27,2026,7,2026-07,54.8,districtwise_current_FY2026-27.pdf
Thakurgaon,FY2026-27,2026,7,2026-07,2.6,districtwise_current_FY2026-27.pdf
