country,fiscal_year,remittance_musd,source_pdf
Saudi Arabia,FY2016-17,2267.2,report_july2025.pdf
United Arab Emirates (UAE),FY2016-17,2093.5,report_july2025.pdf
United States of America (USA),FY2016-17,1688.8,report_july2025.pdf
Malaysia,FY2016-17,1103.6,report_july2025.pdf
Kuwait,FY2016-17,1033.3,report_july2025.pdf
Oman,FY2016-17,897.7,report_july2025.pdf
United Kingdom (UK),FY2016-17,808.2,report_july2025.pdf
Qatar,FY2016-17,576.0,report_july2025.pdf
Italy,FY2016-17,510.8,report_july2025.pdf
Bahrain,FY2016-17,437.1,report_july2025.pdf
Singapore,FY2016-17,301.0,report_july2025.pdf
France,FY2016-17,104.8,report_july2025.pdf
Lebanon,FY2016-17,103.9,report_july2025.pdf
Jordan,FY2016-17,91.0,report_july2025.pdf
Countries Other,FY2016-17,88.1,report_latest.pdf
South Africa,FY2016-17,85.1,report_july2025.pdf
"Of Korea, Republic",FY2016-17,80.7,report_july2025.pdf
Spain,FY2016-17,75.8,report_july2025.pdf
Iraq,FY2016-17,68.9,report_july2025.pdf
Australia,FY2016-17,52.0,report_july2025.pdf
Canada,FY2016-17,49.5,report_july2025.pdf
Mauritius,FY2016-17,42.2,report_july2025.pdf
Maldives,FY2016-17,40.3,report_july2025.pdf
Germany,FY2016-17,31.7,report_july2025.pdf
Japan,FY2016-17,22.9,report_july2025.pdf
Greece,FY2016-17,22.5,report_july2025.pdf
China Of Hong Sar,FY2016-17,19.0,report_july2025.pdf
Brunei,FY2016-17,18.3,report_july2025.pdf
Sweden,FY2016-17,9.3,report_july2025.pdf
Cyprus,FY2016-17,7.4,report_july2025.pdf
Switzerland,FY2016-17,6.9,report_july2025.pdf
Denmark,FY2016-17,5.0,report_july2025.pdf
Belgium,FY2016-17,4.8,report_july2025.pdf
Netherlands,FY2016-17,4.7,report_july2025.pdf
New Zealand,FY2016-17,4.5,report_july2025.pdf
India,FY2016-17,3.8,report_july2025.pdf
Portugal,FY2016-17,2.8,report_july2025.pdf
Ireland,FY2016-17,2.5,report_july2025.pdf
Austria,FY2016-17,1.9,report_july2025.pdf
Finland,FY2016-17,1.6,report_july2025.pdf
Bulgaria,FY2016-17,0.2,report_july2025.pdf
Saudi Arabia,FY2017-18,2591.6,report_july2025.pdf
United Arab Emirates (UAE),FY2017-18,2430.0,report_july2025.pdf
United States of America (USA),FY2017-18,1998.0,report_july2025.pdf
Kuwait,FY2017-18,1199.7,report_july2025.pdf
Malaysia,FY2017-18,1107.2,report_july2025.pdf
United Kingdom (UK),FY2017-18,1106.0,report_july2025.pdf
Oman,FY2017-18,958.2,report_july2025.pdf
Qatar,FY2017-18,844.1,report_july2025.pdf
Italy,FY2017-18,662.2,report_july2025.pdf
Bahrain,FY2017-18,541.6,report_july2025.pdf
Singapore,FY2017-18,330.1,report_july2025.pdf
South Africa,FY2017-18,153.2,report_july2025.pdf
France,FY2017-18,134.4,report_july2025.pdf
Lebanon,FY2017-18,115.7,report_july2025.pdf
Jordan,FY2017-18,111.2,report_july2025.pdf
"Of Korea, Republic",FY2017-18,96.3,report_july2025.pdf
Countries Other,FY2017-18,90.0,report_latest.pdf
Canada,FY2017-18,57.6,report_july2025.pdf
Australia,FY2017-18,56.5,report_july2025.pdf
Iraq,FY2017-18,52.2,report_july2025.pdf
Mauritius,FY2017-18,46.7,report_july2025.pdf
Germany,FY2017-18,40.2,report_july2025.pdf
Spain,FY2017-18,39.9,report_july2025.pdf
Greece,FY2017-18,39.4,report_july2025.pdf
Japan,FY2017-18,31.4,report_july2025.pdf
Maldives,FY2017-18,25.5,report_july2025.pdf
Brunei,FY2017-18,22.5,report_july2025.pdf
China Of Hong Sar,FY2017-18,21.2,report_july2025.pdf
Sweden,FY2017-18,11.9,report_july2025.pdf
Cyprus,FY2017-18,10.4,report_july2025.pdf
Denmark,FY2017-18,8.2,report_july2025.pdf
Ireland,FY2017-18,7.6,report_july2025.pdf
Switzerland,FY2017-18,7.1,report_july2025.pdf
Portugal,FY2017-18,6.9,report_july2025.pdf
Belgium,FY2017-18,6.3,report_july2025.pdf
Netherlands,FY2017-18,5.5,report_july2025.pdf
India,FY2017-18,5.0,report_july2025.pdf
New Zealand,FY2017-18,4.1,report_july2025.pdf
Finland,FY2017-18,3.0,report_july2025.pdf
Austria,FY2017-18,2.8,report_july2025.pdf
Bulgaria,FY2017-18,0.2,report_july2025.pdf
Saudi Arabia,FY2018-19,3110.4,report_july2025.pdf
United Arab Emirates (UAE),FY2018-19,2540.4,report_july2025.pdf
United States of America (USA),FY2018-19,1842.9,report_july2025.pdf
Kuwait,FY2018-19,1463.4,report_july2025.pdf
Malaysia,FY2018-19,1197.6,report_july2025.pdf
United Kingdom (UK),FY2018-19,1175.6,report_july2025.pdf
Oman,FY2018-19,1066.1,report_july2025.pdf
Qatar,FY2018-19,1023.9,report_july2025.pdf
Italy,FY2018-19,757.9,report_july2025.pdf
Bahrain,FY2018-19,470.1,report_july2025.pdf
Singapore,FY2018-19,368.3,report_july2025.pdf
South Africa,FY2018-19,168.1,report_july2025.pdf
France,FY2018-19,159.4,report_july2025.pdf
Jordan,FY2018-19,126.8,report_july2025.pdf
Lebanon,FY2018-19,126.3,report_july2025.pdf
"Of Korea, Republic",FY2018-19,112.5,report_july2025.pdf
Countries Other,FY2018-19,103.6,report_latest.pdf
Canada,FY2018-19,62.9,report_july2025.pdf
Germany,FY2018-19,60.6,report_july2025.pdf
Australia,FY2018-19,57.1,report_july2025.pdf
Mauritius,FY2018-19,54.4,report_july2025.pdf
Japan,FY2018-19,49.5,report_july2025.pdf
Spain,FY2018-19,49.2,report_july2025.pdf
Greece,FY2018-19,42.9,report_july2025.pdf
Iraq,FY2018-19,38.6,report_july2025.pdf
Brunei,FY2018-19,30.9,report_july2025.pdf
Maldives,FY2018-19,22.0,report_july2025.pdf
China Of Hong Sar,FY2018-19,20.1,report_july2025.pdf
Sweden,FY2018-19,19.7,report_july2025.pdf
Belgium,FY2018-19,17.5,report_july2025.pdf
Cyprus,FY2018-19,12.7,report_july2025.pdf
Portugal,FY2018-19,11.5,report_july2025.pdf
Denmark,FY2018-19,11.4,report_july2025.pdf
Ireland,FY2018-19,9.3,report_july2025.pdf
Switzerland,FY2018-19,8.8,report_july2025.pdf
Netherlands,FY2018-19,6.2,report_july2025.pdf
India,FY2018-19,5.9,report_july2025.pdf
Finland,FY2018-19,5.3,report_july2025.pdf
New Zealand,FY2018-19,5.2,report_july2025.pdf
Austria,FY2018-19,4.3,report_july2025.pdf
Bulgaria,FY2018-19,0.2,report_july2025.pdf
Saudi Arabia,FY2019-20,4015.2,report_july2025.pdf
United Arab Emirates (UAE),FY2019-20,2472.6,report_july2025.pdf
United States of America (USA),FY2019-20,2403.4,report_july2025.pdf
Kuwait,FY2019-20,1372.2,report_july2025.pdf
United Kingdom (UK),FY2019-20,1364.9,report_july2025.pdf
Oman,FY2019-20,1240.5,report_july2025.pdf
Malaysia,FY2019-20,1231.3,report_july2025.pdf
Qatar,FY2019-20,1019.6,report_july2025.pdf
Italy,FY2019-20,699.1,report_july2025.pdf
Singapore,FY2019-20,457.4,report_july2025.pdf
Bahrain,FY2019-20,437.2,report_july2025.pdf
"Of Korea, Republic",FY2019-20,177.8,report_july2025.pdf
South Africa,FY2019-20,168.1,report_july2025.pdf
France,FY2019-20,160.5,report_july2025.pdf
Jordan,FY2019-20,126.8,report_july2025.pdf
Countries Other,FY2019-20,114.3,report_latest.pdf
Lebanon,FY2019-20,87.0,report_july2025.pdf
Canada,FY2019-20,77.2,report_july2025.pdf
Australia,FY2019-20,61.3,report_july2025.pdf
Germany,FY2019-20,52.7,report_july2025.pdf
Greece,FY2019-20,52.3,report_july2025.pdf
Mauritius,FY2019-20,50.1,report_july2025.pdf
Japan,FY2019-20,49.3,report_july2025.pdf
Maldives,FY2019-20,44.7,report_july2025.pdf
Spain,FY2019-20,44.3,report_july2025.pdf
Brunei,FY2019-20,38.8,report_july2025.pdf
Iraq,FY2019-20,33.3,report_july2025.pdf
Sweden,FY2019-20,21.3,report_july2025.pdf
Belgium,FY2019-20,17.8,report_july2025.pdf
China Of Hong Sar,FY2019-20,17.3,report_july2025.pdf
Portugal,FY2019-20,16.1,report_july2025.pdf
Cyprus,FY2019-20,13.8,report_july2025.pdf
Denmark,FY2019-20,12.1,report_july2025.pdf
Switzerland,FY2019-20,11.9,report_july2025.pdf
Ireland,FY2019-20,11.8,report_july2025.pdf
India,FY2019-20,8.0,report_july2025.pdf
Netherlands,FY2019-20,6.0,report_july2025.pdf
Finland,FY2019-20,6.0,report_july2025.pdf
New Zealand,FY2019-20,6.0,report_july2025.pdf
Austria,FY2019-20,4.6,report_july2025.pdf
Bulgaria,FY2019-20,0.3,report_july2025.pdf
Saudi Arabia,FY2020-21,5721.4,report_latest.pdf
United States of America (USA),FY2020-21,3461.7,report_latest.pdf
United Arab Emirates (UAE),FY2020-21,2440.0,report_latest.pdf
United Kingdom (UK),FY2020-21,2023.6,report_latest.pdf
Malaysia,FY2020-21,2002.4,report_latest.pdf
Kuwait,FY2020-21,1886.5,report_latest.pdf
Oman,FY2020-21,1535.6,report_latest.pdf
Qatar,FY2020-21,1450.2,report_latest.pdf
Italy,FY2020-21,810.9,report_latest.pdf
Singapore,FY2020-21,624.8,report_latest.pdf
Bahrain,FY2020-21,577.7,report_latest.pdf
South Africa,FY2020-21,420.4,report_latest.pdf
"Of Korea, Republic",FY2020-21,209.2,report_latest.pdf
France,FY2020-21,201.1,report_latest.pdf
Jordan,FY2020-21,170.9,report_latest.pdf
Countries Other,FY2020-21,169.8,report_latest.pdf
Australia,FY2020-21,141.7,report_latest.pdf
Canada,FY2020-21,133.5,report_latest.pdf
Greece,FY2020-21,89.9,report_latest.pdf
Mauritius,FY2020-21,88.1,report_latest.pdf
Japan,FY2020-21,79.5,report_latest.pdf
Germany,FY2020-21,66.9,report_latest.pdf
Lebanon,FY2020-21,66.8,report_latest.pdf
Spain,FY2020-21,53.5,report_latest.pdf
Brunei,FY2020-21,48.2,report_latest.pdf
Maldives,FY2020-21,46.0,report_latest.pdf
Iraq,FY2020-21,37.3,report_latest.pdf
Sweden,FY2020-21,32.1,report_latest.pdf
Cyprus,FY2020-21,22.7,report_latest.pdf
Belgium,FY2020-21,21.9,report_latest.pdf
China Of Hong Sar,FY2020-21,21.4,report_latest.pdf
Denmark,FY2020-21,21.1,report_latest.pdf
Netherlands,FY2020-21,16.5,report_latest.pdf
Portugal,FY2020-21,15.5,report_latest.pdf
Ireland,FY2020-21,15.5,report_latest.pdf
Switzerland,FY2020-21,14.5,report_latest.pdf
Austria,FY2020-21,14.3,report_latest.pdf
New Zealand,FY2020-21,8.5,report_latest.pdf
India,FY2020-21,8.1,report_latest.pdf
Finland,FY2020-21,7.6,report_latest.pdf
Bulgaria,FY2020-21,0.2,report_latest.pdf
Saudi Arabia,FY2021-22,4542.0,report_july2025.pdf
United States of America (USA),FY2021-22,3438.4,report_july2025.pdf
United Arab Emirates (UAE),FY2021-22,2071.8,report_july2025.pdf
United Kingdom (UK),FY2021-22,2039.2,report_july2025.pdf
Kuwait,FY2021-22,1689.6,report_july2025.pdf
Qatar,FY2021-22,1346.5,report_july2025.pdf
Italy,FY2021-22,1054.2,report_july2025.pdf
Malaysia,FY2021-22,1021.9,report_july2025.pdf
Oman,FY2021-22,897.4,report_july2025.pdf
Bahrain,FY2021-22,566.6,report_july2025.pdf
Singapore,FY2021-22,385.2,report_july2025.pdf
South Africa,FY2021-22,314.7,report_july2025.pdf
France,FY2021-22,256.0,report_july2025.pdf
Jordan,FY2021-22,143.2,report_july2025.pdf
"Of Korea, Republic",FY2021-22,135.5,report_july2025.pdf
Australia,FY2021-22,128.6,report_july2025.pdf
Canada,FY2021-22,127.3,report_july2025.pdf
Countries Other,FY2021-22,123.4,report_latest.pdf
Greece,FY2021-22,95.6,report_july2025.pdf
Mauritius,FY2021-22,90.8,report_july2025.pdf
Germany,FY2021-22,83.5,report_july2025.pdf
Japan,FY2021-22,69.3,report_july2025.pdf
Spain,FY2021-22,64.7,report_july2025.pdf
Lebanon,FY2021-22,49.7,report_july2025.pdf
Brunei,FY2021-22,45.5,report_july2025.pdf
Sweden,FY2021-22,26.2,report_july2025.pdf
Cyprus,FY2021-22,23.5,report_july2025.pdf
Iraq,FY2021-22,21.9,report_july2025.pdf
Maldives,FY2021-22,21.6,report_july2025.pdf
China Of Hong Sar,FY2021-22,20.6,report_july2025.pdf
Denmark,FY2021-22,19.0,report_july2025.pdf
Belgium,FY2021-22,17.3,report_july2025.pdf
Portugal,FY2021-22,17.2,report_july2025.pdf
Ireland,FY2021-22,14.8,report_july2025.pdf
Austria,FY2021-22,13.6,report_july2025.pdf
Switzerland,FY2021-22,13.1,report_july2025.pdf
Netherlands,FY2021-22,13.1,report_july2025.pdf
India,FY2021-22,11.2,report_july2025.pdf
Finland,FY2021-22,9.8,report_july2025.pdf
New Zealand,FY2021-22,8.2,report_july2025.pdf
Bulgaria,FY2021-22,0.3,report_july2025.pdf
Saudi Arabia,FY2022-23,3765.3,report_july2025.pdf
United States of America (USA),FY2022-23,3522.0,report_july2025.pdf
United Arab Emirates (UAE),FY2022-23,3037.7,report_july2025.pdf
United Kingdom (UK),FY2022-23,2080.4,report_july2025.pdf
Kuwait,FY2022-23,1555.3,report_july2025.pdf
Qatar,FY2022-23,1452.7,report_july2025.pdf
Italy,FY2022-23,1185.9,report_july2025.pdf
Malaysia,FY2022-23,1125.9,report_july2025.pdf
Oman,FY2022-23,790.6,report_july2025.pdf
Bahrain,FY2022-23,528.3,report_july2025.pdf
Singapore,FY2022-23,423.3,report_july2025.pdf
France,FY2022-23,291.9,report_july2025.pdf
South Africa,FY2022-23,235.3,report_july2025.pdf
Canada,FY2022-23,138.5,report_july2025.pdf
Countries Other,FY2022-23,132.2,report_latest.pdf
Greece,FY2022-23,130.5,report_july2025.pdf
Australia,FY2022-23,130.4,report_july2025.pdf
Jordan,FY2022-23,127.9,report_july2025.pdf
"Of Korea, Republic",FY2022-23,118.7,report_july2025.pdf
Japan,FY2022-23,113.0,report_july2025.pdf
Germany,FY2022-23,112.3,report_july2025.pdf
Mauritius,FY2022-23,109.6,report_july2025.pdf
Spain,FY2022-23,84.9,report_july2025.pdf
Brunei,FY2022-23,49.2,report_july2025.pdf
Lebanon,FY2022-23,46.0,report_july2025.pdf
Portugal,FY2022-23,38.1,report_july2025.pdf
Iraq,FY2022-23,36.7,report_july2025.pdf
Sweden,FY2022-23,30.2,report_july2025.pdf
Maldives,FY2022-23,29.0,report_july2025.pdf
Cyprus,FY2022-23,27.3,report_july2025.pdf
Ireland,FY2022-23,23.7,report_july2025.pdf
Switzerland,FY2022-23,19.2,report_july2025.pdf
China Of Hong Sar,FY2022-23,18.9,report_july2025.pdf
Belgium,FY2022-23,16.9,report_july2025.pdf
Denmark,FY2022-23,16.8,report_july2025.pdf
Austria,FY2022-23,15.9,report_july2025.pdf
Netherlands,FY2022-23,15.3,report_july2025.pdf
India,FY2022-23,11.8,report_july2025.pdf
New Zealand,FY2022-23,11.8,report_july2025.pdf
Finland,FY2022-23,11.1,report_july2025.pdf
Bulgaria,FY2022-23,0.3,report_july2025.pdf
United Arab Emirates (UAE),FY2023-24,4635.3,report_july2025.pdf
United States of America (USA),FY2023-24,2961.6,report_july2025.pdf
United Kingdom (UK),FY2023-24,2793.2,report_july2025.pdf
Saudi Arabia,FY2023-24,2741.5,report_july2025.pdf
Malaysia,FY2023-24,1744.4,report_july2025.pdf
Kuwait,FY2023-24,1496.7,report_july2025.pdf
Italy,FY2023-24,1461.6,report_july2025.pdf
Qatar,FY2023-24,1150.0,report_july2025.pdf
Oman,FY2023-24,1123.5,report_july2025.pdf
Bahrain,FY2023-24,639.2,report_july2025.pdf
Singapore,FY2023-24,632.3,report_july2025.pdf
France,FY2023-24,358.5,report_july2025.pdf
South Africa,FY2023-24,308.2,report_july2025.pdf
Countries Other,FY2023-24,165.2,report_latest.pdf
Mauritius,FY2023-24,164.3,report_july2025.pdf
Greece,FY2023-24,145.1,report_july2025.pdf
Canada,FY2023-24,142.4,report_july2025.pdf
Jordan,FY2023-24,133.3,report_july2025.pdf
Germany,FY2023-24,124.8,report_july2025.pdf
Spain,FY2023-24,116.9,report_july2025.pdf
Australia,FY2023-24,116.4,report_july2025.pdf
"Of Korea, Republic",FY2023-24,116.3,report_july2025.pdf
Japan,FY2023-24,76.6,report_july2025.pdf
Brunei,FY2023-24,74.2,report_july2025.pdf
Portugal,FY2023-24,72.1,report_july2025.pdf
Maldives,FY2023-24,56.9,report_july2025.pdf
Sweden,FY2023-24,54.4,report_july2025.pdf
Iraq,FY2023-24,33.5,report_july2025.pdf
Cyprus,FY2023-24,28.4,report_july2025.pdf
Bulgaria,FY2023-24,26.6,report_july2025.pdf
Ireland,FY2023-24,25.1,report_july2025.pdf
Switzerland,FY2023-24,25.0,report_july2025.pdf
Denmark,FY2023-24,24.7,report_july2025.pdf
Lebanon,FY2023-24,23.4,report_july2025.pdf
Belgium,FY2023-24,20.9,report_july2025.pdf
India,FY2023-24,19.2,report_july2025.pdf
Austria,FY2023-24,18.8,report_july2025.pdf
Netherlands,FY2023-24,18.3,report_july2025.pdf
Finland,FY2023-24,15.3,report_july2025.pdf
New Zealand,FY2023-24,14.3,report_july2025.pdf
China Of Hong Sar,FY2023-24,14.1,report_july2025.pdf
United States of America (USA),FY2024-25,4733.0,report_latest.pdf (12 months)
Saudi Arabia,FY2024-25,4264.3,report_latest.pdf (12 months)
United Arab Emirates (UAE),FY2024-25,4168.1,report_latest.pdf (12 months)
United Kingdom (UK),FY2024-25,3168.5,report_latest.pdf (12 months)
Malaysia,FY2024-25,2804.7,report_latest.pdf (12 months)
Italy,FY2024-25,1652.4,report_latest.pdf (12 months)
Oman,FY2024-25,1634.5,report_latest.pdf (12 months)
Kuwait,FY2024-25,1623.6,report_latest.pdf (12 months)
Qatar,FY2024-25,1205.3,report_latest.pdf (12 months)
Singapore,FY2024-25,980.1,report_latest.pdf (12 months)
Bahrain,FY2024-25,761.0,report_latest.pdf (12 months)
South Africa,FY2024-25,402.9,report_latest.pdf (12 months)
France,FY2024-25,335.6,report_latest.pdf (12 months)
Countries Other,FY2024-25,261.4,report_latest.pdf (12 months)
"Of Korea, Republic",FY2024-25,226.9,report_latest.pdf (12 months)
Canada,FY2024-25,224.0,report_latest.pdf (12 months)
Greece,FY2024-25,185.1,report_latest.pdf (12 months)
Germany,FY2024-25,180.6,report_latest.pdf (12 months)
Australia,FY2024-25,176.9,report_latest.pdf (12 months)
Jordan,FY2024-25,168.3,report_latest.pdf (12 months)
Spain,FY2024-25,144.1,report_latest.pdf (12 months)
Mauritius,FY2024-25,143.6,report_latest.pdf (12 months)
Maldives,FY2024-25,140.8,report_latest.pdf (12 months)
Japan,FY2024-25,106.0,report_latest.pdf (12 months)
Portugal,FY2024-25,101.5,report_latest.pdf (12 months)
Brunei,FY2024-25,87.6,report_latest.pdf (12 months)
Iraq,FY2024-25,62.9,report_latest.pdf (12 months)
Lebanon,FY2024-25,62.7,report_latest.pdf (12 months)
Sweden,FY2024-25,55.3,report_latest.pdf (12 months)
Finland,FY2024-25,39.0,report_latest.pdf (12 months)
Cyprus,FY2024-25,31.0,report_latest.pdf (12 months)
Denmark,FY2024-25,30.8,report_latest.pdf (12 months)
Austria,FY2024-25,29.7,report_latest.pdf (12 months)
Ireland,FY2024-25,25.7,report_latest.pdf (12 months)
Belgium,FY2024-25,22.0,report_latest.pdf (12 months)
Netherlands,FY2024-25,19.9,report_latest.pdf (12 months)
China Of Hong Sar,FY2024-25,19.3,report_latest.pdf (12 months)
Switzerland,FY2024-25,18.2,report_latest.pdf (12 months)
New Zealand,FY2024-25,17.0,report_latest.pdf (12 months)
India,FY2024-25,12.8,report_latest.pdf (12 months)
Bulgaria,FY2024-25,1.2,report_latest.pdf (12 months)
Saudi Arabia,FY2025-26,5849.0,report_latest.pdf (12 months)
United Kingdom (UK),FY2025-26,5072.1,report_latest.pdf (12 months)
United Arab Emirates (UAE),FY2025-26,4584.0,report_latest.pdf (12 months)
Malaysia,FY2025-26,3403.8,report_latest.pdf (12 months)
United States of America (USA),FY2025-26,3013.3,report_latest.pdf (12 months)
Italy,FY2025-26,2051.6,report_latest.pdf (12 months)
Oman,FY2025-26,2048.1,report_latest.pdf (12 months)
Kuwait,FY2025-26,1763.7,report_latest.pdf (12 months)
Qatar,FY2025-26,1558.6,report_latest.pdf (12 months)
Singapore,FY2025-26,1493.9,report_latest.pdf (12 months)
Bahrain,FY2025-26,773.5,report_latest.pdf (12 months)
South Africa,FY2025-26,628.9,report_latest.pdf (12 months)
France,FY2025-26,471.9,report_latest.pdf (12 months)
Countries Other,FY2025-26,398.6,report_latest.pdf (12 months)
"Of Korea, Republic",FY2025-26,272.6,report_latest.pdf (12 months)
Australia,FY2025-26,258.2,report_latest.pdf (12 months)
Jordan,FY2025-26,246.5,report_latest.pdf (12 months)
Canada,FY2025-26,213.3,report_latest.pdf (12 months)
Greece,FY2025-26,203.9,report_latest.pdf (12 months)
Spain,FY2025-26,155.0,report_latest.pdf (12 months)
Germany,FY2025-26,152.3,report_latest.pdf (12 months)
Portugal,FY2025-26,146.2,report_latest.pdf (12 months)
Maldives,FY2025-26,118.0,report_latest.pdf (12 months)
Japan,FY2025-26,95.0,report_latest.pdf (12 months)
Mauritius,FY2025-26,82.5,report_latest.pdf (12 months)
Brunei,FY2025-26,77.3,report_latest.pdf (12 months)
Iraq,FY2025-26,58.4,report_latest.pdf (12 months)
Sweden,FY2025-26,50.9,report_latest.pdf (12 months)
Cyprus,FY2025-26,46.6,report_latest.pdf (12 months)
Lebanon,FY2025-26,43.1,report_latest.pdf (12 months)
Ireland,FY2025-26,39.1,report_latest.pdf (12 months)
Finland,FY2025-26,34.2,report_latest.pdf (12 months)
Denmark,FY2025-26,33.9,report_latest.pdf (12 months)
Switzerland,FY2025-26,25.9,report_latest.pdf (12 months)
New Zealand,FY2025-26,25.5,report_latest.pdf (12 months)
China Of Hong Sar,FY2025-26,25.2,report_latest.pdf (12 months)
Netherlands,FY2025-26,25.1,report_latest.pdf (12 months)
Belgium,FY2025-26,20.5,report_latest.pdf (12 months)
Austria,FY2025-26,18.6,report_latest.pdf (12 months)
India,FY2025-26,10.1,report_latest.pdf (12 months)
Bulgaria,FY2025-26,1.6,report_latest.pdf (12 months)
