datetime,date,hour,demand,generation,loadshed,peak
2018-04-01T00:00,2018-04-01,0,6500,6500,0,
2018-04-01T01:00,2018-04-01,1,6500,6500,0,
2018-04-01T02:00,2018-04-01,2,6249,6249,0,
2018-04-01T03:00,2018-04-01,3,6022,6022,0,
2018-04-01T04:00,2018-04-01,4,5850,5850,0,
2018-04-01T05:00,2018-04-01,5,5730,5730,0,
2018-04-01T06:00,2018-04-01,6,5696,5696,0,
2018-04-01T07:00,2018-04-01,7,5896,5896,0,
2018-04-01T08:00,2018-04-01,8,6019,6018.9,0,
2018-04-01T09:00,2018-04-01,9,6471,6470.5,0,
2018-04-01T10:00,2018-04-01,10,6820,6819.9,0,
2018-04-01T11:00,2018-04-01,11,7075,7074.9,0,
2018-04-01T12:00,2018-04-01,12,7359,7359.1,0,day
2018-04-01T13:00,2018-04-01,13,7508,7508,0,
2018-04-01T14:00,2018-04-01,14,7514,7514,0,
2018-04-01T15:00,2018-04-01,15,7605,7605.4,0,
2018-04-01T16:00,2018-04-01,16,7790,7790,0,
2018-04-01T17:00,2018-04-01,17,7625,7624.6,0,
2018-04-01T18:00,2018-04-01,18,7728,7728,0,
2018-04-01T19:00,2018-04-01,19,9127,9127,0,
2018-04-01T20:00,2018-04-01,20,9106,9106,0,
2018-04-01T21:00,2018-04-01,21,9147,9147,0,
2018-04-01T22:00,2018-04-01,22,8056,8056,0,
2018-04-01T23:00,2018-04-01,23,7048,7048,0,
2018-04-02T00:00,2018-04-02,0,8014,8014,0,
2018-04-02T01:00,2018-04-02,1,6539,6539,0,
2018-04-02T02:00,2018-04-02,2,6326,6326,0,
2018-04-02T03:00,2018-04-02,3,6098,6098,0,
2018-04-02T04:00,2018-04-02,4,5953,5953,0,
2018-04-02T05:00,2018-04-02,5,5931,5931,0,
2018-04-02T06:00,2018-04-02,6,5910,5910,0,
2018-04-02T07:00,2018-04-02,7,6094,6094,0,
2018-04-02T08:00,2018-04-02,8,6269,6269.1,0,
2018-04-02T09:00,2018-04-02,9,6870,6870.3,0,
2018-04-02T10:00,2018-04-02,10,7266,7265.7,0,
2018-04-02T11:00,2018-04-02,11,7445,7444.9,0,
2018-04-02T12:00,2018-04-02,12,7657,7656.5,0,day
2018-04-02T13:00,2018-04-02,13,7867,7866.9,0,
2018-04-02T14:00,2018-04-02,14,7526,7525.9,0,
2018-04-02T15:00,2018-04-02,15,8006,8005.8,0,
2018-04-02T16:00,2018-04-02,16,7718,7718,0,
2018-04-02T17:00,2018-04-02,17,7758,7758,0,
2018-04-02T18:00,2018-04-02,18,7931,7931,0,
2018-04-02T19:00,2018-04-02,19,8943,8943,0,
2018-04-02T20:00,2018-04-02,20,9041,9041,0,
2018-04-02T21:00,2018-04-02,21,9258,9258,0,
2018-04-02T22:00,2018-04-02,22,9090,9090,0,
2018-04-02T23:00,2018-04-02,23,8658,8658,0,
2018-04-03T00:00,2018-04-03,0,8468,8468,0,
2018-04-03T01:00,2018-04-03,1,7573,7573,0,
2018-04-03T02:00,2018-04-03,2,7051,7051,0,
2018-04-03T03:00,2018-04-03,3,6905,6905,0,
2018-04-03T04:00,2018-04-03,4,6640,6640,0,
2018-04-03T05:00,2018-04-03,5,6572,6572,0,
2018-04-03T06:00,2018-04-03,6,6551,6551,0,
2018-04-03T07:00,2018-04-03,7,6807,6807,0,
2018-04-03T08:00,2018-04-03,8,6777,6776.7,0,
2018-04-03T09:00,2018-04-03,9,7339,7339.4,0,
2018-04-03T10:00,2018-04-03,10,7786,7785.8,0,
2018-04-03T11:00,2018-04-03,11,8017,8017.2,0,
2018-04-03T12:00,2018-04-03,12,8216,8216.2,0,day
2018-04-03T13:00,2018-04-03,13,8347,8347.1,0,
2018-04-03T14:00,2018-04-03,14,8236,8235.9,0,
2018-04-03T15:00,2018-04-03,15,8338,8338.4,0,
2018-04-03T16:00,2018-04-03,16,8355,8354.8,0,
2018-04-03T17:00,2018-04-03,17,8018,8018.3,0,
2018-04-03T18:00,2018-04-03,18,7880,7880,0,
2018-04-03T19:00,2018-04-03,19,9026,9026,0,
2018-04-03T20:00,2018-04-03,20,9251,9251,0,
2018-04-03T21:00,2018-04-03,21,9350,9350,0,evening
2018-04-03T22:00,2018-04-03,22,9271,9271,0,
2018-04-03T23:00,2018-04-03,23,8976,8976,0,
2018-04-04T00:00,2018-04-04,0,8687,8687,0,
2018-04-04T01:00,2018-04-04,1,8045,8045,0,
2018-04-04T02:00,2018-04-04,2,7492,7492,0,
2018-04-04T03:00,2018-04-04,3,7401,7401,0,
2018-04-04T04:00,2018-04-04,4,7081,7081,0,
2018-04-04T05:00,2018-04-04,5,7053,7053,0,
2018-04-04T06:00,2018-04-04,6,7014,7014,0,
2018-04-04T07:00,2018-04-04,7,7015,7015.3,0,
2018-04-04T08:00,2018-04-04,8,7160,7159.8,0,
2018-04-04T09:00,2018-04-04,9,7349,7349.3,0,
2018-04-04T10:00,2018-04-04,10,7601,7600.6,0,
2018-04-04T11:00,2018-04-04,11,7733,7733,0,
2018-04-04T12:00,2018-04-04,12,8002,8002.2,0,
2018-04-04T13:00,2018-04-04,13,8155,8155.1,0,
2018-04-04T14:00,2018-04-04,14,8054,8053.8,0,
2018-04-04T15:00,2018-04-04,15,8361,8361.2,0,
2018-04-04T16:00,2018-04-04,16,8227,8226.8,0,
2018-04-04T17:00,2018-04-04,17,8115,8115.3,0,
2018-04-04T18:00,2018-04-04,18,8166,8166,0,
2018-04-04T19:00,2018-04-04,19,9135,9135,0,
2018-04-04T20:00,2018-04-04,20,9248,9248,0,
2018-04-04T21:00,2018-04-04,21,8837,8837,0,
2018-04-04T22:00,2018-04-04,22,8884,8884,0,
2018-04-04T23:00,2018-04-04,23,8878,8878,0,
2018-04-05T00:00,2018-04-05,0,7131,7131,0,
2018-04-05T01:00,2018-04-05,1,8355,8355,0,
2018-04-05T02:00,2018-04-05,2,7962,7962,0,
2018-04-05T03:00,2018-04-05,3,7662,7662,0,
2018-04-05T04:00,2018-04-05,4,7425,7425,0,
2018-04-05T05:00,2018-04-05,5,7386,7386,0,
2018-04-05T06:00,2018-04-05,6,7322,7322,0,
2018-04-05T07:00,2018-04-05,7,7396,7396,0,
2018-04-05T08:00,2018-04-05,8,7433,7432.8,0,
2018-04-05T09:00,2018-04-05,9,7856,7856.2,0,
2018-04-05T10:00,2018-04-05,10,8036,8035.7,0,
2018-04-05T11:00,2018-04-05,11,8116,8116,0,
2018-04-05T12:00,2018-04-05,12,8361,8361.2,0,day
2018-04-05T13:00,2018-04-05,13,8386,8386.2,0,
2018-04-05T14:00,2018-04-05,14,8122,8121.8,0,
2018-04-05T15:00,2018-04-05,15,7744,7743.5,0,
2018-04-05T16:00,2018-04-05,16,7554,7553.5,0,
2018-04-05T17:00,2018-04-05,17,7141,7141.1,0,
2018-04-05T18:00,2018-04-05,18,6977,6977,0,
2018-04-05T19:00,2018-04-05,19,7096,7096,0,
2018-04-05T20:00,2018-04-05,20,7320,7320,0,
2018-04-05T21:00,2018-04-05,21,7443,7443,0,evening
2018-04-05T22:00,2018-04-05,22,7592,7592,0,
2018-04-05T23:00,2018-04-05,23,7349,7349,0,
2018-04-06T00:00,2018-04-06,0,7436,7436,0,
2018-04-06T01:00,2018-04-06,1,6414,6413.9,0,
2018-04-06T02:00,2018-04-06,2,6357,6357,0,
2018-04-06T03:00,2018-04-06,3,6155,6155,0,
2018-04-06T04:00,2018-04-06,4,5891,5891,0,
2018-04-06T05:00,2018-04-06,5,5810,5810,0,
2018-04-06T06:00,2018-04-06,6,5486,5486,0,
2018-04-06T07:00,2018-04-06,7,5474,5474,0,
2018-04-06T08:00,2018-04-06,8,5455,5455,0,
2018-04-06T09:00,2018-04-06,9,5243,5243,0,
2018-04-06T10:00,2018-04-06,10,5364,5364,0,
2018-04-06T11:00,2018-04-06,11,5502,5502,0,
2018-04-06T12:00,2018-04-06,12,5942,5941.9,0,
2018-04-06T13:00,2018-04-06,13,6379,6378.7,0,
2018-04-06T14:00,2018-04-06,14,6222,6221.9,0,
2018-04-06T15:00,2018-04-06,15,6393,6393.3,0,
2018-04-06T17:00,2018-04-06,17,6112,6112.4,0,
2018-04-06T18:00,2018-04-06,18,6273,6273,0,
2018-04-06T19:00,2018-04-06,19,8354,8354,0,
2018-04-06T20:00,2018-04-06,20,8371,8371,0,
2018-04-06T21:00,2018-04-06,21,8396,8396,0,evening
2018-04-06T22:00,2018-04-06,22,8313,8313,0,
2018-04-06T23:00,2018-04-06,23,7879,7879,0,
2018-04-07T00:00,2018-04-07,0,6741,6741,0,
2018-04-07T01:00,2018-04-07,1,7011,7011,0,
2018-04-07T02:00,2018-04-07,2,6600,6600,0,
2018-04-07T03:00,2018-04-07,3,6331,6331,0,
2018-04-07T04:00,2018-04-07,4,6021,6021,0,
2018-04-07T05:00,2018-04-07,5,5769,5769,0,
2018-04-07T06:00,2018-04-07,6,5607,5607,0,
2018-04-07T07:00,2018-04-07,7,5657,5657,0,
2018-04-07T08:00,2018-04-07,8,5860,5859.7,0,
2018-04-07T09:00,2018-04-07,9,6375,6375.4,0,
2018-04-07T10:00,2018-04-07,10,6882,6882,0,
2018-04-07T11:00,2018-04-07,11,7156,7156.2,0,
2018-04-07T12:00,2018-04-07,12,7424,7424.3,0,day
2018-04-07T13:00,2018-04-07,13,7399,7399.2,0,
2018-04-07T14:00,2018-04-07,14,7555,7554.8,0,
2018-04-07T15:00,2018-04-07,15,7915,7915.2,0,
2018-04-07T16:00,2018-04-07,16,7895,7895,0,
2018-04-07T17:00,2018-04-07,17,7773,7773.2,0,
2018-04-07T18:00,2018-04-07,18,7841,7841,0,
2018-04-07T19:00,2018-04-07,19,9140,9140,0,
2018-04-07T20:00,2018-04-07,20,9255,9255,0,
2018-04-07T21:00,2018-04-07,21,9251,9251,0,
2018-04-07T22:00,2018-04-07,22,8332,8332,0,
2018-04-07T23:00,2018-04-07,23,7883,7883,0,
2018-04-08T00:00,2018-04-08,0,8122,8122,0,
2018-04-08T01:00,2018-04-08,1,6120,6120,0,
2018-04-08T02:00,2018-04-08,2,6328,6328,0,
2018-04-08T03:00,2018-04-08,3,6277,6277,0,
2018-04-08T04:00,2018-04-08,4,6114,6114,0,
2018-04-08T05:00,2018-04-08,5,6011,6011,0,
2018-04-08T06:00,2018-04-08,6,5953,5953,0,
2018-04-08T07:00,2018-04-08,7,6222,6222.3,0,
2018-04-08T08:00,2018-04-08,8,6297,6296.9,0,
2018-04-08T09:00,2018-04-08,9,6700,6699.5,0,
2018-04-08T10:00,2018-04-08,10,6899,6898.8,0,
2018-04-08T11:00,2018-04-08,11,7111,7110.8,0,
2018-04-08T12:00,2018-04-08,12,7270,7269.5,0,day
2018-04-08T13:00,2018-04-08,13,7285,7284.5,0,
2018-04-08T14:00,2018-04-08,14,7312,7311.6,0,
2018-04-08T15:00,2018-04-08,15,7641,7641.2,0,
2018-04-08T16:00,2018-04-08,16,7385,7384.7,0,
2018-04-08T17:00,2018-04-08,17,7384,7384.3,0,
2018-04-08T18:00,2018-04-08,18,7532,7532,0,
2018-04-08T19:00,2018-04-08,19,8982,8982,0,
2018-04-08T20:00,2018-04-08,20,9032,9032,0,
2018-04-08T21:00,2018-04-08,21,9200,9200,0,
2018-04-08T22:00,2018-04-08,22,9115,9115,0,
2018-04-08T23:00,2018-04-08,23,8591,8591,0,
2018-04-09T00:00,2018-04-09,0,7857,7857,0,
2018-04-09T01:00,2018-04-09,1,7657,7657,0,
2018-04-09T02:00,2018-04-09,2,7280,7280,0,
2018-04-09T03:00,2018-04-09,3,6955,6955,0,
2018-04-09T04:00,2018-04-09,4,6643,6643,0,
2018-04-09T05:00,2018-04-09,5,6602,6602,0,
2018-04-09T06:00,2018-04-09,6,6360,6360,0,
2018-04-09T07:00,2018-04-09,7,6454,6454.3,0,
2018-04-09T08:00,2018-04-09,8,6680,6679.7,0,
2018-04-09T09:00,2018-04-09,9,7233,7233.4,0,
2018-04-09T10:00,2018-04-09,10,7605,7604.7,0,
2018-04-09T11:00,2018-04-09,11,7894,7894.1,0,
2018-04-09T12:00,2018-04-09,12,8250,8250.1,0,day
2018-04-09T13:00,2018-04-09,13,8338,8338.1,0,
2018-04-09T14:00,2018-04-09,14,8139,8139.1,0,
2018-04-09T15:00,2018-04-09,15,8428,8428.2,0,
2018-04-09T16:00,2018-04-09,16,8394,8393.8,0,
2018-04-09T17:00,2018-04-09,17,8203,8203.3,0,
2018-04-09T18:00,2018-04-09,18,8150,8150,0,
2018-04-09T19:00,2018-04-09,19,9473,9473,0,
2018-04-09T20:00,2018-04-09,20,9462,9462,0,
2018-04-09T21:00,2018-04-09,21,9510,9510,0,
2018-04-09T22:00,2018-04-09,22,9298,9298,0,
2018-04-09T23:00,2018-04-09,23,8717,8717,0,
2018-04-10T00:00,2018-04-10,0,8889,8889,0,
2018-04-10T01:00,2018-04-10,1,7053,7053,0,
2018-04-10T02:00,2018-04-10,2,6676,6676,0,
2018-04-10T03:00,2018-04-10,3,6402,6402,0,
2018-04-10T04:00,2018-04-10,4,6225,6225,0,
2018-04-10T05:00,2018-04-10,5,5954,5954,0,
2018-04-10T06:00,2018-04-10,6,5947,5947,0,
2018-04-10T07:00,2018-04-10,7,6316,6316,0,
2018-04-10T08:00,2018-04-10,8,6368,6368,0,
2018-04-10T09:00,2018-04-10,9,6839,6839,0,
2018-04-10T10:00,2018-04-10,10,7374,7374,0,
2018-04-10T11:00,2018-04-10,11,7672,7672.4,0,
2018-04-10T12:00,2018-04-10,12,7950,7950.4,0,day
2018-04-10T13:00,2018-04-10,13,7983,7983.2,0,
2018-04-10T14:00,2018-04-10,14,8008,8007.9,0,
2018-04-10T15:00,2018-04-10,15,8287,8286.6,0,
2018-04-10T16:00,2018-04-10,16,8235,8235,0,
2018-04-10T17:00,2018-04-10,17,8246,8246,0,
2018-04-10T18:00,2018-04-10,18,8137,8137,0,
2018-04-10T19:00,2018-04-10,19,9012,9012,0,
2018-04-10T20:00,2018-04-10,20,9089,9089,0,
2018-04-10T21:00,2018-04-10,21,9355,9355,0,evening
2018-04-10T22:00,2018-04-10,22,9352,9352,0,
2018-04-10T23:00,2018-04-10,23,9159,9159,0,
2018-04-11T00:00,2018-04-11,0,7281,7281,0,
2018-04-11T01:00,2018-04-11,1,8411,8411,0,
2018-04-11T02:00,2018-04-11,2,7823,7823,0,
2018-04-11T03:00,2018-04-11,3,7698,7698,0,
2018-04-11T04:00,2018-04-11,4,7470,7470,0,
2018-04-11T05:00,2018-04-11,5,7356,7356,0,
2018-04-11T06:00,2018-04-11,6,7090,7090,0,
2018-04-11T07:00,2018-04-11,7,7014,7014.2,0,
2018-04-11T08:00,2018-04-11,8,7008,7007.8,0,
2018-04-11T09:00,2018-04-11,9,7541,7540.7,0,
2018-04-11T10:00,2018-04-11,10,7553,7553,0,
2018-04-11T11:00,2018-04-11,11,7634,7634.4,0,
2018-04-11T12:00,2018-04-11,12,7976,7976.4,0,day
2018-04-11T13:00,2018-04-11,13,7995,7995.4,0,
2018-04-11T14:00,2018-04-11,14,7985,7984.9,0,
2018-04-11T15:00,2018-04-11,15,8259,8259.4,0,
2018-04-11T16:00,2018-04-11,16,8301,8300.9,0,
2018-04-11T17:00,2018-04-11,17,8127,8127.4,0,
2018-04-11T18:00,2018-04-11,18,7983,7983,0,
2018-04-11T19:00,2018-04-11,19,8376,8376,0,evening
2018-04-11T20:00,2018-04-11,20,8521,8521,0,
2018-04-11T21:00,2018-04-11,21,8248,8248,0,
2018-04-11T22:00,2018-04-11,22,8313,8313,0,
2018-04-11T23:00,2018-04-11,23,8075,8075,0,
2018-04-12T00:00,2018-04-12,0,5468,5468,0,
2018-04-12T01:00,2018-04-12,1,6212,6212,0,
2018-04-12T02:00,2018-04-12,2,5187,5187,0,
2018-04-12T03:00,2018-04-12,3,5462,5462,0,
2018-04-12T04:00,2018-04-12,4,5419,5419,0,
2018-04-12T05:00,2018-04-12,5,5323,5323,0,
2018-04-12T06:00,2018-04-12,6,5361,5361,0,
2018-04-12T07:00,2018-04-12,7,5529,5529,0,
2018-04-12T08:00,2018-04-12,8,5998,5998,0,
2018-04-12T09:00,2018-04-12,9,6581,6580.6,0,
2018-04-12T10:00,2018-04-12,10,7170,7170,0,
2018-04-12T11:00,2018-04-12,11,7443,7443.3,0,
2018-04-12T12:00,2018-04-12,12,7923,7923.3,0,day
2018-04-12T13:00,2018-04-12,13,8275,8275.2,0,
2018-04-12T14:00,2018-04-12,14,8182,8182,0,
2018-04-12T15:00,2018-04-12,15,8565,8564.5,0,
2018-04-12T16:00,2018-04-12,16,8440,8439.8,0,
2018-04-12T17:00,2018-04-12,17,8242,8242.4,0,
2018-04-12T18:00,2018-04-12,18,8104,8104,0,
2018-04-12T19:00,2018-04-12,19,8844,8844,0,
2018-04-12T20:00,2018-04-12,20,8743,8743,0,
2018-04-12T21:00,2018-04-12,21,8289,8289,0,
2018-04-12T22:00,2018-04-12,22,6472,6472,0,
2018-04-12T23:00,2018-04-12,23,5223,5223,0,
2018-04-13T00:00,2018-04-13,0,8855,8855,0,
2018-04-13T01:00,2018-04-13,1,5730,5730,0,
2018-04-13T02:00,2018-04-13,2,5867,5867,0,
2018-04-13T03:00,2018-04-13,3,5863,5863,0,
2018-04-13T04:00,2018-04-13,4,5719,5719,0,
2018-04-13T05:00,2018-04-13,5,5636,5636,0,
2018-04-13T06:00,2018-04-13,6,5438,5438,0,
2018-04-13T07:00,2018-04-13,7,5332,5332,0,
2018-04-13T08:00,2018-04-13,8,5353,5352.8,0,
2018-04-13T09:00,2018-04-13,9,5344,5343.6,0,
2018-04-13T10:00,2018-04-13,10,5537,5537,0,
2018-04-13T11:00,2018-04-13,11,5972,5972.3,0,
2018-04-13T12:00,2018-04-13,12,6363,6363.3,0,day
2018-04-13T13:00,2018-04-13,13,6762,6762.2,0,
2018-04-13T14:00,2018-04-13,14,6877,6877,0,
2018-04-13T15:00,2018-04-13,15,7359,7359.4,0,
2018-04-13T16:00,2018-04-13,16,7316,7316,0,
2018-04-13T17:00,2018-04-13,17,7128,7128.4,0,
2018-04-13T18:00,2018-04-13,18,7103,7103,0,
2018-04-13T19:00,2018-04-13,19,9117,9117,0,
2018-04-13T20:00,2018-04-13,20,9102,9102,0,
2018-04-13T21:00,2018-04-13,21,9257,9257,0,
2018-04-13T22:00,2018-04-13,22,9218,9218,0,
2018-04-13T23:00,2018-04-13,23,8993,8993,0,
2018-04-14T00:00,2018-04-14,0,6897,6897,0,
2018-04-14T01:00,2018-04-14,1,8282,8282,0,
2018-04-14T02:00,2018-04-14,2,8037,8037,0,
2018-04-14T03:00,2018-04-14,3,7632,7632,0,
2018-04-14T04:00,2018-04-14,4,7413,7413,0,
2018-04-14T05:00,2018-04-14,5,7297,7297,0,
2018-04-14T08:00,2018-04-14,8,6725,6725,0,
2018-04-14T09:00,2018-04-14,9,6812,6812.4,0,
2018-04-14T10:00,2018-04-14,10,6979,6979,0,
2018-04-14T11:00,2018-04-14,11,7246,7246,0,
2018-04-14T12:00,2018-04-14,12,7522,7522.3,0,day
2018-04-14T13:00,2018-04-14,13,7758,7757.8,0,
2018-04-14T14:00,2018-04-14,14,7944,7943.7,0,
2018-04-14T15:00,2018-04-14,15,7747,7746.5,0,
2018-04-14T16:00,2018-04-14,16,7375,7374.9,0,
2018-04-14T17:00,2018-04-14,17,6612,6612.3,0,
2018-04-14T18:00,2018-04-14,18,5609,5609,0,
2018-04-14T19:00,2018-04-14,19,7286,7286,0,
2018-04-14T20:00,2018-04-14,20,7334,7334,0,
2018-04-14T21:00,2018-04-14,21,7665,7665,0,evening
2018-04-14T22:00,2018-04-14,22,7678,7678,0,
2018-04-14T23:00,2018-04-14,23,7510,7510,0,
2018-04-15T00:00,2018-04-15,0,9301,9301,0,
2018-04-15T01:00,2018-04-15,1,6541,6541,0,
2018-04-15T02:00,2018-04-15,2,6243,6243,0,
2018-04-15T03:00,2018-04-15,3,6096,6096,0,
2018-04-15T04:00,2018-04-15,4,5994,5994,0,
2018-04-15T05:00,2018-04-15,5,5904,5904,0,
2018-04-15T06:00,2018-04-15,6,5767,5767,0,
2018-04-15T07:00,2018-04-15,7,5973,5973,0,
2018-04-15T08:00,2018-04-15,8,6316,6316.1,0,
2018-04-15T09:00,2018-04-15,9,7036,7035.5,0,
2018-04-15T10:00,2018-04-15,10,7446,7446,0,
2018-04-15T11:00,2018-04-15,11,7650,7650.2,0,
2018-04-15T12:00,2018-04-15,12,8044,8044,0,day
2018-04-15T13:00,2018-04-15,13,8181,8180.7,0,
2018-04-15T14:00,2018-04-15,14,8224,8223.9,0,
2018-04-15T15:00,2018-04-15,15,8550,8549.5,0,
2018-04-15T16:00,2018-04-15,16,8484,8484,0,
2018-04-15T17:00,2018-04-15,17,8335,8335.3,0,
2018-04-15T18:00,2018-04-15,18,8265,8265,0,
2018-04-15T19:00,2018-04-15,19,9961,9961,0,evening
2018-04-15T20:00,2018-04-15,20,9849,9849,0,
2018-04-15T21:00,2018-04-15,21,9780,9780,0,
2018-04-15T22:00,2018-04-15,22,9768,9768,0,
2018-04-15T23:00,2018-04-15,23,9554,9554,0,
2018-04-16T00:00,2018-04-16,0,8543,8543,0,
2018-04-16T01:00,2018-04-16,1,8729,8729,0,
2018-04-16T02:00,2018-04-16,2,8402,8402,0,
2018-04-16T03:00,2018-04-16,3,8216,8216,0,
2018-04-16T04:00,2018-04-16,4,8023,8023,0,
2018-04-16T05:00,2018-04-16,5,7796,7796,0,
2018-04-16T06:00,2018-04-16,6,7468,7468,0,
2018-04-16T07:00,2018-04-16,7,7383,7383.3,0,
2018-04-16T08:00,2018-04-16,8,7539,7538.9,0,
2018-04-16T09:00,2018-04-16,9,8117,8117,0,
2018-04-16T10:00,2018-04-16,10,8361,8360.8,0,
2018-04-16T11:00,2018-04-16,11,8512,8512.1,0,
2018-04-16T12:00,2018-04-16,12,8841,8841,0,day
2018-04-16T13:00,2018-04-16,13,8908,8908.1,0,
2018-04-16T14:00,2018-04-16,14,8924,8923.7,0,
2018-04-16T15:00,2018-04-16,15,9127,9127.2,0,
2018-04-16T16:00,2018-04-16,16,9060,9059.7,0,
2018-04-16T17:00,2018-04-16,17,8747,8747.3,0,
2018-04-16T18:00,2018-04-16,18,8547,8547,0,
2018-04-16T19:00,2018-04-16,19,9579,9579,0,
2018-04-16T20:00,2018-04-16,20,9647,9647,0,
2018-04-16T21:00,2018-04-16,21,9702,9702,0,evening
2018-04-16T22:00,2018-04-16,22,8748,8748,0,
2018-04-16T23:00,2018-04-16,23,8401,8401,0,
2018-04-17T00:00,2018-04-17,0,4981,4981,0,
2018-04-17T01:00,2018-04-17,1,8203,8203,0,
2018-04-17T02:00,2018-04-17,2,7931,7931,0,
2018-04-17T03:00,2018-04-17,3,7724,7724,0,
2018-04-17T04:00,2018-04-17,4,7380,7380,0,
2018-04-17T05:00,2018-04-17,5,7361,7361,0,
2018-04-17T06:00,2018-04-17,6,7191,7191,0,
2018-04-17T07:00,2018-04-17,7,7051,7051.2,0,
2018-04-17T08:00,2018-04-17,8,7090,7090.4,0,
2018-04-17T09:00,2018-04-17,9,7254,7254.2,0,
2018-04-17T10:00,2018-04-17,10,7451,7451.1,0,
2018-04-17T11:00,2018-04-17,11,7298,7298.1,0,
2018-04-17T12:00,2018-04-17,12,7293,7292.7,0,
2018-04-17T13:00,2018-04-17,13,6477,6476.6,0,
2018-04-17T14:00,2018-04-17,14,6044,6044,0,
2018-04-17T15:00,2018-04-17,15,6757,6756.5,0,
2018-04-17T16:00,2018-04-17,16,6466,6465.9,0,
2018-04-17T17:00,2018-04-17,17,6511,6511.4,0,
2018-04-17T18:00,2018-04-17,18,6692,6692,0,
2018-04-17T19:00,2018-04-17,19,8464,8464,0,
2018-04-17T20:00,2018-04-17,20,8429,8429,0,
2018-04-17T21:00,2018-04-17,21,8288,8288,0,
2018-04-17T22:00,2018-04-17,22,7652,7652,0,
2018-04-17T23:00,2018-04-17,23,6684,6684,0,
2018-04-18T00:00,2018-04-18,0,8105,8105,0,
2018-04-18T01:00,2018-04-18,1,4389,4389,0,
2018-04-18T02:00,2018-04-18,2,4550,4550,0,
2018-04-18T03:00,2018-04-18,3,4551,4551,0,
2018-04-18T04:00,2018-04-18,4,4376,4376,0,
2018-04-18T05:00,2018-04-18,5,4410,4410,0,
2018-04-18T06:00,2018-04-18,6,4487,4487,0,
2018-04-18T07:00,2018-04-18,7,4794,4794,0,
2018-04-18T08:00,2018-04-18,8,5242,5242,0,
2018-04-18T09:00,2018-04-18,9,5957,5956.6,0,
2018-04-18T10:00,2018-04-18,10,6573,6573.1,0,
2018-04-18T11:00,2018-04-18,11,6969,6969.2,0,
2018-04-18T12:00,2018-04-18,12,7536,7536.3,0,day
2018-04-18T13:00,2018-04-18,13,7928,7928.1,0,
2018-04-18T14:00,2018-04-18,14,7807,7806.8,0,
2018-04-18T15:00,2018-04-18,15,8086,8085.8,0,
2018-04-18T16:00,2018-04-18,16,8206,8206,0,
2018-04-18T17:00,2018-04-18,17,7898,7898.4,0,
2018-04-18T18:00,2018-04-18,18,8028,8028,0,
2018-04-18T19:00,2018-04-18,19,9681,9681,0,
2018-04-18T20:00,2018-04-18,20,9758,9758,0,evening
2018-04-18T21:00,2018-04-18,21,9687,9687,0,
2018-04-18T22:00,2018-04-18,22,9423,9423,0,
2018-04-18T23:00,2018-04-18,23,8848,8848,0,
2018-04-19T00:00,2018-04-19,0,7813,7813,0,
2018-04-19T01:00,2018-04-19,1,6144,6144,0,
2018-04-19T02:00,2018-04-19,2,5896,5896,0,
2018-04-19T03:00,2018-04-19,3,6010,6010,0,
2018-04-19T04:00,2018-04-19,4,5877,5877,0,
2018-04-19T05:00,2018-04-19,5,5683,5683,0,
2018-04-19T06:00,2018-04-19,6,5539,5539,0,
2018-04-19T07:00,2018-04-19,7,5443,5443.3,0,
2018-04-19T08:00,2018-04-19,8,5815,5815,0,
2018-04-19T09:00,2018-04-19,9,6552,6552,0,
2018-04-19T10:00,2018-04-19,10,6984,6984,0,
2018-04-19T11:00,2018-04-19,11,7155,7155,0,
2018-04-19T12:00,2018-04-19,12,7640,7639.7,0,day
2018-04-19T13:00,2018-04-19,13,8028,8027.7,0,
2018-04-19T14:00,2018-04-19,14,7805,7805.4,0,
2018-04-19T15:00,2018-04-19,15,8132,8131.5,0,
2018-04-19T16:00,2018-04-19,16,8181,8180.7,0,
2018-04-19T17:00,2018-04-19,17,7812,7812.3,0,
2018-04-19T18:00,2018-04-19,18,7676,7676,0,
2018-04-19T19:00,2018-04-19,19,9425,9425,0,evening
2018-04-19T20:00,2018-04-19,20,9122,9122,0,
2018-04-19T21:00,2018-04-19,21,8023,8023,0,
2018-04-19T22:00,2018-04-19,22,7573,7573,0,
2018-04-19T23:00,2018-04-19,23,7807,7807,0,
2018-04-20T00:00,2018-04-20,0,7737,7737,0,
2018-04-20T01:00,2018-04-20,1,7392,7392,0,
2018-04-20T02:00,2018-04-20,2,7222,7222,0,
2018-04-20T03:00,2018-04-20,3,6769,6769,0,
2018-04-20T04:00,2018-04-20,4,6613,6613,0,
2018-04-20T05:00,2018-04-20,5,6417,6417,0,
2018-04-20T06:00,2018-04-20,6,6143,6143,0,
2018-04-20T07:00,2018-04-20,7,5929,5929.2,0,
2018-04-20T08:00,2018-04-20,8,5926,5926.4,0,
2018-04-20T09:00,2018-04-20,9,5826,5826,0,
2018-04-20T10:00,2018-04-20,10,6067,6066.7,0,
2018-04-20T11:00,2018-04-20,11,6060,6060.2,0,
2018-04-20T12:00,2018-04-20,12,6207,6206.6,0,day
2018-04-20T13:00,2018-04-20,13,6277,6277.2,0,
2018-04-20T14:00,2018-04-20,14,6098,6097.6,0,
2018-04-20T15:00,2018-04-20,15,6666,6666.3,0,
2018-04-20T16:00,2018-04-20,16,6572,6571.9,0,
2018-04-20T17:00,2018-04-20,17,6326,6326.3,0,
2018-04-20T18:00,2018-04-20,18,6225,6225,0,
2018-04-20T19:00,2018-04-20,19,7788,7788,0,
2018-04-20T20:00,2018-04-20,20,7813,7813,0,
2018-04-20T21:00,2018-04-20,21,8065,8065,0,
2018-04-20T22:00,2018-04-20,22,8049,8049,0,
2018-04-20T23:00,2018-04-20,23,8082,8082,0,
2018-04-21T00:00,2018-04-21,0,7627,7627,0,
2018-04-21T01:00,2018-04-21,1,7437,7437,0,
2018-04-21T02:00,2018-04-21,2,7318,7318,0,
2018-04-21T03:00,2018-04-21,3,7051,7051,0,
2018-04-21T04:00,2018-04-21,4,6905,6905,0,
2018-04-21T05:00,2018-04-21,5,6931,6931,0,
2018-04-21T06:00,2018-04-21,6,6638,6638,0,
2018-04-21T07:00,2018-04-21,7,6460,6460.1,0,
2018-04-21T08:00,2018-04-21,8,6263,6263.1,0,
2018-04-21T09:00,2018-04-21,9,6519,6519,0,
2018-04-21T10:00,2018-04-21,10,6226,6226,0,
2018-04-21T11:00,2018-04-21,11,6321,6321.2,0,
2018-04-21T12:00,2018-04-21,12,7094,7094.3,0,
2018-04-21T13:00,2018-04-21,13,7216,7216.2,0,
2018-04-21T14:00,2018-04-21,14,7305,7304.9,0,
2018-04-21T15:00,2018-04-21,15,6690,6690.3,0,
2018-04-21T16:00,2018-04-21,16,6601,6600.8,0,
2018-04-21T17:00,2018-04-21,17,6345,6345.3,0,
2018-04-21T18:00,2018-04-21,18,6519,6519,0,
2018-04-21T19:00,2018-04-21,19,8291,8291,0,
2018-04-21T20:00,2018-04-21,20,8291,8291,0,
2018-04-21T21:00,2018-04-21,21,8498,8498,0,
2018-04-21T22:00,2018-04-21,22,8435,8435,0,
2018-04-21T23:00,2018-04-21,23,8052,8052,0,
2018-04-22T00:00,2018-04-22,0,7920,7920,0,
2018-04-22T01:00,2018-04-22,1,7230,7230,0,
2018-04-22T02:00,2018-04-22,2,6994,6994,0,
2018-04-22T03:00,2018-04-22,3,6814,6814,0,
2018-04-22T04:00,2018-04-22,4,6883,6683,180,
2018-04-22T05:00,2018-04-22,5,6659,6659,0,
2018-04-22T06:00,2018-04-22,6,6458,6458,0,
2018-04-22T07:00,2018-04-22,7,6577,6577.1,0,
2018-04-22T08:00,2018-04-22,8,6695,6695.3,0,
2018-04-22T09:00,2018-04-22,9,7089,7089.4,0,
2018-04-22T10:00,2018-04-22,10,7483,7483.3,0,
2018-04-22T11:00,2018-04-22,11,7707,7707.4,0,
2018-04-22T12:00,2018-04-22,12,7954,7953.8,0,day
2018-04-22T13:00,2018-04-22,13,7943,7943.3,0,
2018-04-22T14:00,2018-04-22,14,7971,7971.3,0,
2018-04-22T15:00,2018-04-22,15,8397,8397.2,0,
2018-04-22T16:00,2018-04-22,16,7745,7744.6,0,
2018-04-22T17:00,2018-04-22,17,7485,7485.3,0,
2018-04-22T18:00,2018-04-22,18,7478,7478,0,
2018-04-22T19:00,2018-04-22,19,7828,7828,0,
2018-04-22T20:00,2018-04-22,20,7854,7854,0,
2018-04-22T21:00,2018-04-22,21,8461,8461,0,
2018-04-22T22:00,2018-04-22,22,8624,8624,0,
2018-04-22T23:00,2018-04-22,23,8450,8450,0,
2018-04-23T00:00,2018-04-23,0,9602,9602,0,
2018-04-23T01:00,2018-04-23,1,7676,7676,0,
2018-04-23T02:00,2018-04-23,2,7334,7334,0,
2018-04-23T03:00,2018-04-23,3,7052,7052,0,
2018-04-23T04:00,2018-04-23,4,6843,6843,0,
2018-04-23T05:00,2018-04-23,5,6843,6843,0,
2018-04-23T06:00,2018-04-23,6,6641,6641,0,
2018-04-23T07:00,2018-04-23,7,6723,6723,0,
2018-04-23T08:00,2018-04-23,8,6867,6867.4,0,
2018-04-23T09:00,2018-04-23,9,7428,7427.5,0,
2018-04-23T10:00,2018-04-23,10,7860,7859.7,0,
2018-04-23T11:00,2018-04-23,11,7973,7972.9,0,
2018-04-23T12:00,2018-04-23,12,8105,8105.4,0,day
2018-04-23T13:00,2018-04-23,13,8472,8472.3,0,
2018-04-23T14:00,2018-04-23,14,8401,8400.8,0,
2018-04-23T15:00,2018-04-23,15,8621,8621.3,0,
2018-04-23T16:00,2018-04-23,16,8820,8819.7,0,
2018-04-23T17:00,2018-04-23,17,8554,8554.3,0,
2018-04-23T18:00,2018-04-23,18,8347,8347,0,
2018-04-23T19:00,2018-04-23,19,9778,9778,0,evening
2018-04-23T20:00,2018-04-23,20,9640,9640,0,
2018-04-23T21:00,2018-04-23,21,9720,9720,0,
2018-04-23T22:00,2018-04-23,22,9596,9596,0,
2018-04-23T23:00,2018-04-23,23,9744,9744,0,
2018-04-24T00:00,2018-04-24,0,9800,9800,0,
2018-04-24T01:00,2018-04-24,1,8989,8989,0,
2018-04-24T02:00,2018-04-24,2,8631,8631,0,
2018-04-24T03:00,2018-04-24,3,8357,8357,0,
2018-04-24T04:00,2018-04-24,4,8134,8134,0,
2018-04-24T05:00,2018-04-24,5,7824,7824,0,
2018-04-24T06:00,2018-04-24,6,7360,7360,0,
2018-04-24T07:00,2018-04-24,7,7224,7223.5,0,
2018-04-24T08:00,2018-04-24,8,7235,7235,0,
2018-04-24T09:00,2018-04-24,9,7933,7932.6,0,
2018-04-24T10:00,2018-04-24,10,8191,8190.6,0,
2018-04-24T11:00,2018-04-24,11,8410,8410.1,0,
2018-04-24T12:00,2018-04-24,12,8526,8526.2,0,day
2018-04-24T13:00,2018-04-24,13,8800,8800.2,0,
2018-04-24T14:00,2018-04-24,14,8817,8816.9,0,
2018-04-24T15:00,2018-04-24,15,9103,9102.5,0,
2018-04-24T16:00,2018-04-24,16,9179,9178.9,0,
2018-04-24T17:00,2018-04-24,17,8744,8744.1,0,
2018-04-24T18:00,2018-04-24,18,8494,8494,0,
2018-04-24T19:00,2018-04-24,19,9997,9997,0,
2018-04-24T20:00,2018-04-24,20,10078,10078,0,
2018-04-24T21:00,2018-04-24,21,10137,10137,0,evening
2018-04-24T22:00,2018-04-24,22,9984,9984,0,
2018-04-24T23:00,2018-04-24,23,9975,9975,0,
2018-04-25T00:00,2018-04-25,0,5740,5740,0,
2018-04-25T01:00,2018-04-25,1,9269,9269,0,
2018-04-25T02:00,2018-04-25,2,8853,8853,0,
2018-04-25T03:00,2018-04-25,3,8463,8463,0,
2018-04-25T04:00,2018-04-25,4,8022,8022,0,
2018-04-25T05:00,2018-04-25,5,7599,7599,0,
2018-04-25T06:00,2018-04-25,6,7229,7229,0,
2018-04-25T07:00,2018-04-25,7,7267,7267.4,0,
2018-04-25T08:00,2018-04-25,8,7264,7264,0,
2018-04-25T09:00,2018-04-25,9,7803,7802.5,0,
2018-04-25T10:00,2018-04-25,10,7850,7850,0,
2018-04-25T11:00,2018-04-25,11,8199,8199.2,0,
2018-04-25T12:00,2018-04-25,12,8329,8329.3,0,
2018-04-25T13:00,2018-04-25,13,8519,8519.2,0,
2018-04-25T14:00,2018-04-25,14,8378,8377.9,0,
2018-04-25T15:00,2018-04-25,15,8953,8953.4,0,
2018-04-25T16:00,2018-04-25,16,8882,8882,0,
2018-04-25T17:00,2018-04-25,17,8395,8395,0,
2018-04-25T18:00,2018-04-25,18,7689,7689,0,
2018-04-25T19:00,2018-04-25,19,6259,6259,0,
2018-04-25T20:00,2018-04-25,20,5982,5982,0,
2018-04-25T21:00,2018-04-25,21,6124,6124,0,
2018-04-25T22:00,2018-04-25,22,6232,6232,0,
2018-04-25T23:00,2018-04-25,23,5710,5710,0,
2018-04-26T00:00,2018-04-26,0,7566,7566,0,
2018-04-26T01:00,2018-04-26,1,5852,5852,0,
2018-04-26T02:00,2018-04-26,2,5749,5749,0,
2018-04-26T03:00,2018-04-26,3,5710,5710,0,
2018-04-26T04:00,2018-04-26,4,5615,5615,0,
2018-04-26T05:00,2018-04-26,5,5484,5484,0,
2018-04-26T06:00,2018-04-26,6,5379,5379,0,
2018-04-26T07:00,2018-04-26,7,5599,5599.1,0,
2018-04-26T08:00,2018-04-26,8,5820,5819.5,0,
2018-04-26T09:00,2018-04-26,9,6451,6451.4,0,
2018-04-26T10:00,2018-04-26,10,6829,6829.3,0,
2018-04-26T11:00,2018-04-26,11,7023,7022.9,0,
2018-04-26T12:00,2018-04-26,12,7243,7243.4,0,
2018-04-26T13:00,2018-04-26,13,7335,7335.2,0,
2018-04-26T14:00,2018-04-26,14,7225,7224.6,0,
2018-04-26T15:00,2018-04-26,15,7606,7606.2,0,
2018-04-26T16:00,2018-04-26,16,7639,7639.1,0,
2018-04-26T17:00,2018-04-26,17,7496,7496.2,0,
2018-04-26T18:00,2018-04-26,18,7627,7627,0,
2018-04-26T19:00,2018-04-26,19,9261,9261,0,
2018-04-26T20:00,2018-04-26,20,9245,9245,0,
2018-04-26T21:00,2018-04-26,21,9073,9073,0,
2018-04-26T22:00,2018-04-26,22,8851,8851,0,
2018-04-26T23:00,2018-04-26,23,8279,8279,0,
2018-04-27T00:00,2018-04-27,0,7936,7936,0,
2018-04-27T01:00,2018-04-27,1,6364,6364,0,
2018-04-27T02:00,2018-04-27,2,5300,5300,0,
2018-04-27T03:00,2018-04-27,3,4793,4793,0,
2018-04-27T04:00,2018-04-27,4,4906,4906,0,
2018-04-27T05:00,2018-04-27,5,4957,4957,0,
2018-04-27T06:00,2018-04-27,6,4842,4842.1,0,
2018-04-27T07:00,2018-04-27,7,5060,5060.3,0,
2018-04-27T08:00,2018-04-27,8,5377,5376.5,0,
2018-04-27T09:00,2018-04-27,9,5560,5560.3,0,
2018-04-27T10:00,2018-04-27,10,5621,5621.1,0,
2018-04-27T11:00,2018-04-27,11,5920,5920.4,0,
2018-04-27T12:00,2018-04-27,12,6297,6297.3,0,day
2018-04-27T13:00,2018-04-27,13,6596,6596,0,
2018-04-27T14:00,2018-04-27,14,6580,6579.9,0,
2018-04-27T15:00,2018-04-27,15,6999,6999.4,0,
2018-04-27T16:00,2018-04-27,16,6755,6754.9,0,
2018-04-27T17:00,2018-04-27,17,6497,6497.4,0,
2018-04-27T18:00,2018-04-27,18,6285,6285,0,
2018-04-27T19:00,2018-04-27,19,8600,8600,0,
2018-04-27T20:00,2018-04-27,20,8595,8595,0,
2018-04-27T21:00,2018-04-27,21,8876,8876,0,evening
2018-04-27T22:00,2018-04-27,22,8666,8666,0,
2018-04-27T23:00,2018-04-27,23,8356,8356,0,
2018-04-28T00:00,2018-04-28,0,7565,7565,0,
2018-04-28T01:00,2018-04-28,1,7551,7551,0,
2018-04-28T02:00,2018-04-28,2,7304,7304,0,
2018-04-28T03:00,2018-04-28,3,7175,7175,0,
2018-04-28T04:00,2018-04-28,4,6867,6867,0,
2018-04-28T06:00,2018-04-28,6,6303,6303,0,
2018-04-28T07:00,2018-04-28,7,6382,6382.3,0,
2018-04-28T08:00,2018-04-28,8,6504,6503.7,0,
2018-04-28T09:00,2018-04-28,9,6662,6661.5,0,
2018-04-28T10:00,2018-04-28,10,7349,7349.3,0,
2018-04-28T11:00,2018-04-28,11,7636,7636.1,0,
2018-04-28T12:00,2018-04-28,12,7884,7884.3,0,day
2018-04-28T13:00,2018-04-28,13,8207,8207.1,0,
2018-04-28T14:00,2018-04-28,14,8138,8137.8,0,
2018-04-28T15:00,2018-04-28,15,8432,8432.4,0,
2018-04-28T16:00,2018-04-28,16,8435,8434.8,0,
2018-04-28T17:00,2018-04-28,17,8369,8369.4,0,
2018-04-28T18:00,2018-04-28,18,7932,7932,0,
2018-04-28T19:00,2018-04-28,19,9531,9531,0,evening
2018-04-28T20:00,2018-04-28,20,9087,9087,0,
2018-04-28T21:00,2018-04-28,21,9131,9131,0,
2018-04-28T22:00,2018-04-28,22,8424,8424,0,
2018-04-28T23:00,2018-04-28,23,7330,7330,0,
2018-04-29T00:00,2018-04-29,0,6774,6774,0,
2018-04-29T01:00,2018-04-29,1,7229,7229,0,
2018-04-29T02:00,2018-04-29,2,7110,7110,0,
2018-04-29T03:00,2018-04-29,3,6767,6767,0,
2018-04-29T04:00,2018-04-29,4,6530,6530,0,
2018-04-29T05:00,2018-04-29,5,6364,6364,0,
2018-04-29T06:00,2018-04-29,6,5902,5902,0,
2018-04-29T07:00,2018-04-29,7,5783,5783,0,
2018-04-29T08:00,2018-04-29,8,5832,5832.3,0,
2018-04-29T09:00,2018-04-29,9,4197,4197.1,0,
2018-04-29T10:00,2018-04-29,10,4624,4624.1,0,
2018-04-29T11:00,2018-04-29,11,5447,5447.1,0,
2018-04-29T12:00,2018-04-29,12,5525,5524.6,0,day
2018-04-29T13:00,2018-04-29,13,5439,5439.1,0,
2018-04-29T14:00,2018-04-29,14,5470,5470.1,0,
2018-04-29T15:00,2018-04-29,15,5836,5835.6,0,
2018-04-29T16:00,2018-04-29,16,5866,5866,0,
2018-04-29T17:00,2018-04-29,17,5857,5857,0,
2018-04-29T18:00,2018-04-29,18,6037,6037,0,
2018-04-29T19:00,2018-04-29,19,7761,7761,0,
2018-04-29T20:00,2018-04-29,20,7807,7807,0,evening
2018-04-29T21:00,2018-04-29,21,7644,7644,0,
2018-04-29T22:00,2018-04-29,22,7590,7590,0,
2018-04-29T23:00,2018-04-29,23,7007,7007,0,
2018-04-30T00:00,2018-04-30,0,6148,6148,0,
2018-04-30T01:00,2018-04-30,1,6291,6291,0,
2018-04-30T02:00,2018-04-30,2,6061,6061,0,
2018-04-30T03:00,2018-04-30,3,5912,5912,0,
2018-04-30T04:00,2018-04-30,4,5782,5782,0,
2018-04-30T05:00,2018-04-30,5,5672,5672,0,
2018-04-30T06:00,2018-04-30,6,5451,5451,0,
2018-04-30T07:00,2018-04-30,7,5702,5702.1,0,
2018-04-30T08:00,2018-04-30,8,5821,5821.1,0,
2018-04-30T09:00,2018-04-30,9,6113,6113,0,day
2018-04-30T10:00,2018-04-30,10,6023,6022,1,
2018-04-30T11:00,2018-04-30,11,5795,5795,0,
2018-04-30T12:00,2018-04-30,12,3731,3731,0,
2018-04-30T13:00,2018-04-30,13,3990,3989.7,0,
2018-04-30T14:00,2018-04-30,14,4258,4258.3,0,
2018-04-30T15:00,2018-04-30,15,4758,4757.9,0,
2018-04-30T16:00,2018-04-30,16,5075,5075,0,
2018-04-30T17:00,2018-04-30,17,5453,5453.2,0,
2018-04-30T18:00,2018-04-30,18,5455,5455,0,
2018-04-30T19:00,2018-04-30,19,7024,7024,0,
2018-04-30T20:00,2018-04-30,20,7256,7256,0,evening
2018-04-30T21:00,2018-04-30,21,7155,7155,0,
2018-04-30T22:00,2018-04-30,22,6852,6852,0,
2018-04-30T23:00,2018-04-30,23,6634,6634,0,
