date,plant,producer,units,installed_mw,present_mw,peak_mw,energy_kwh,remarks
2024-12-31,Adani Power Jharkhanda Ltd,Import,2*673,1346.0,1347.54,631.0,12637579.0,Default availability set by nldc
2024-12-31,Amnura 50 MW PP(Sinha),QRPP,7*7.79,54.53,35.09,0.0,0.0,Default availability set by nldc
2024-12-31,Anlima Energy Ltd.,IPP,6*21.2,127.2,116.0,17.0,21327.0,Liquid fuel shortage
2024-12-31,Anwara 300 MW PP (United),IPP,17*17+24,289.0,300.0,0.0,15055.0,-
2024-12-31,Ashuganj 150MW PP (Midland),IPP,23X7.015,161.345,150.0,25.0,38472.0,Default availability set by nldc
2024-12-31,Ashuganj 195 MW PP (APSCL-United),IPP,20X9.73+1X16,210.6,195.0,189.0,2977455.0,-
2024-12-31,Ashuganj 420 MW CCPP(East),APSCL,284*1+116*1,400.0,400.0,0.0,0.0,-
2024-12-31,Ashuganj 450 MW CCPP(North),APSCL,1*360,360.0,356.15,300.0,7689700.0,FGMO
2024-12-31,Ashuganj 450 MW CCPP(South),APSCL,1*360,360.0,360.0,0.0,0.0,-
2024-12-31,Ashuganj 50 MW PP,APSCL,14*3.96,55.44,45.0,30.0,622440.0,-
2024-12-31,Ashuganj 51 MW PP (Midland),IPP,6X9.34,56.04,51.0,51.0,922400.0,Default availability set by nldc
2024-12-31,Ashuganj 55 MW PP (Precision),QRPP,15*4,60.0,55.0,29.0,466560.0,-
2024-12-31,Ashuganj CCPP 225 MW,APSCL,1X142+1X75,217.0,221.0,182.0,4563000.0,FGMO
2024-12-31,Baghabari 100 MW GTPP,PDB,1*100,100.0,100.0,0.0,0.0,Machine Under Maintenance
2024-12-31,Baghabari 50 MW Peaking PP,PDB,6*8.9,53.4,52.0,0.0,0.0,Default availability set by nldc
2024-12-31,Baghabari 71 MW GTPP,PDB,1X71,71.0,71.0,0.0,0.0,Gas shortage
2024-12-31,Bagura 113 MW PP (Confidence)-2,IPP,6*18.55+7.2,111.3,113.0,0.0,0.0,-
2024-12-31,Barapukuria 275 MW TPP Unit-3,PDB,1*275,275.0,274.0,200.0,4616000.0,Machine Problem
2024-12-31,Barapukuria TPP Unit-1 & 2,PDB,1*125+1*125,250.0,170.0,75.0,1766399.0,Default availability set by nldc
2024-12-31,Barisal 1 MW Solar Plant,IPP,0,0.0,1.0,0.0,3140.0,Default availability set by nldc
2024-12-31,Barisal 110 MW PP (Summit ),IPP,7X17.076,119.532,110.0,0.0,0.0,Default availability set by nldc
2024-12-31,Barisal 307 MW,BCPCL,307X1,307.0,307.0,307.0,5237000.0,-
2024-12-31,Bera 70 MW Peaking PP,PDB,9*8.29,74.61,71.0,0.0,0.0,Default availability set by nldc
2024-12-31,Bhairob 54.5 MW,IPP,3*18.2,54.6,54.5,0.0,0.0,-
2024-12-31,Bheramara (HVDC ),Import,2X500,1000.0,1000.0,923.0,20874181.0,Default availability set by nldc
2024-12-31,Bheramara 410 MW CCPP,NWPGCL,1X278+1X132,410.0,410.0,250.0,6608736.0,Gas shortage
2024-12-31,Bheramara GTPP Unit-3,PDB,1X20,20.0,16.0,0.0,0.0,Default availability set by nldc
2024-12-31,Bhola 225 MW CCPP,PDB,2X63+1X68,194.0,194.0,130.0,2724000.0,Partial Shutdown of STG
2024-12-31,Bhola 33 MW PP (Venture),NENP,1X34.50,34.5,40.0,0.0,78375.0,Default availability set by nldc
2024-12-31,Bhola Nutan Biddut BD LTD,IPP,2*110,220.0,220.0,220.0,5193330.0,MVAR Subjected to Grid Voltage
2024-12-31,Bibiana-II 341 MW CCPP (Summit),IPP,1*222+1*119,341.0,341.0,270.0,6932000.0,FGMO
2024-12-31,Bibiyana South 400 MW,PDB,1*400,400.0,383.0,340.0,7299300.0,FGMO
2024-12-31,Bibiyana-III 400 MW CCPP,PDB,285*1+134*1,419.0,400.0,358.0,8933000.0,FGMO Activated
2024-12-31,Chandpur 115(Doreen),IPP,4*18.5+2*22.5,119.0,115.0,25.0,117120.0,-
2024-12-31,Chandpur 150 MW CCPP,PDB,1*106+1*57,163.0,163.0,40.0,1047570.0,-
2024-12-31,Chandpur 200MW (Desh energy),IPP,12*18.4,220.8,200.0,12.0,17280.0,Default availability set by nldc
2024-12-31,Chapainawabganj 100 MW Peaking PP,PDB,12*8.924,107.088,104.0,33.0,28912.0,-
2024-12-31,Chattogram 108 MW PP (ECPV),IPP,16*7,112.0,108.0,0.0,0.0,Liquid fuel shortage
2024-12-31,Chattogram TPP,PDB,1*210+1*210,420.0,360.0,0.0,0.0,Default availability set by nldc
2024-12-31,Chowmuhani 113 MW,IPP,12*9.78+2*3.1,123.56,113.0,28.0,50400.0,-
2024-12-31,Confidence Power Bogura Unit-1 113 MW,IPP,6*18.55,111.3,113.0,0.0,0.0,Liquid fuel shortage
2024-12-31,Cox's Bazar Wind,PDB,0,0.0,66.0,22.0,557280.0,Default availability set by nldc
2024-12-31,Cumilla 25 MW PP (Summit),"SIPP,REB",3*3.67+2*6.97,24.95,25.0,17.0,373450.0,Machine Under Maintenance
2024-12-31,Dohazari -Kalaish 100 MW Peaking,PDB,6*17,102.0,102.0,0.0,4632.0,-
2024-12-31,Energypac Power Venture Thakurgaon Ltd.,IPP,0,0.0,115.0,0.0,0.0,Default availability set by nldc
2024-12-31,Faridpur 50 MW Peaking PP,PDB,8*6.89,55.12,54.0,0.0,0.0,-
2024-12-31,Fenchuganj 44MW (Energyprima),NENP,12*3.3+5*2,49.6,50.0,5.0,202896.0,-
2024-12-31,Fenchugonj CCPP Phase-1,PDB,2*32+1*33,97.0,70.0,29.0,710000.0,Default availability set by nldc
2024-12-31,Fenchugonj CCPP Phase-2,PDB,2*35+1*35,105.0,90.0,0.0,0.0,Default availability set by nldc
2024-12-31,Feni Lanka Power,IPP,7*18.415+1*9.78,138.685,114.0,0.0,0.0,Default availability set by nldc
2024-12-31,Gagnagar 102 MW PP (Digital Power),IPP,12*8.924,107.088,102.0,0.0,562.0,Default availability set by nldc
2024-12-31,Gazipur 100 MW PP,RPCL,6*17.5,105.0,105.0,70.0,755021.0,-
2024-12-31,Gazipur 52 MW PP,RPCL,6*8.9,53.4,52.0,17.0,245280.0,Liquid fuel shortage
2024-12-31,Ghorasal 365 MW CCPP Unit-7,PDB,1*243+1*122,365.0,365.0,0.0,0.0,HGPI Maintenance Work is going on.
2024-12-31,Ghorasal Repowered CCPP Unit-3,PDB,1*260,260.0,260.0,0.0,0.0,GT is under maintenance
2024-12-31,Ghorasal Repowered CCPP Unit-4,PDB,1*210,210.0,234.58,0.0,0.0,-
2024-12-31,Ghorasal TPP Unit-5,PDB,1*210,210.0,190.0,0.0,0.0,Default availability set by nldc
2024-12-31,Ghorashal 108 MW PP (Regent),IPP,34*3.35,113.9,108.0,0.0,0.0,"Demand ""0"" due to gas shortage"
2024-12-31,Gopalganj 100 MW Peaking PP,PDB,16*6.98,111.68,109.0,0.0,0.0,Default availability set by nldc
2024-12-31,HVDC(Nepal),Import,1*40,40.0,40.0,0.0,0.0,Default availability set by nldc
2024-12-31,Haripur 360 MW CCPP (HPL),IPP,1*235+1*125,360.0,360.0,0.0,0.0,-
2024-12-31,Haripur 412 MW CCPP,EGCB,1*273+1*139,412.0,412.0,294.0,6940800.0,-
2024-12-31,Haripur GTPP,"SBU,PDB",32*2,64.0,20.0,0.0,0.0,Default availability set by nldc
2024-12-31,Hathazari 100 MW peaking PP,PDB,11*8.9,97.9,98.0,0.0,0.0,machine problem
2024-12-31,Hobiganj 11MW PP Cofidence-E,"SIPP,REB",4*2.90,11.6,11.0,2.0,55536.0,Default availability set by nldc
2024-12-31,Import (Tripura),Import,0,0.0,160.0,60.0,1222080.0,Default availability set by nldc
2024-12-31,Intraco Solar 30 MW,IPP,1*30,30.0,30.0,0.0,100938.0,Default availability set by nldc
2024-12-31,JERA Meghnaghat Power Limited,IPP,250*2+268,500.0,718.0,0.0,0.0,Default availability set by nldc
2024-12-31,Jamalpur 115 MW PP (United),IPP,9.78*12,117.36,115.0,60.0,654000.0,-
2024-12-31,Jangalia 52 MW PP (Lakdanavi),IPP,6*8.92,53.52,52.2,8.0,9072.0,Default availability set by nldc
2024-12-31,Jodiac Power,IPP,3*18.55+1*3.6,59.25,54.36,0.0,22933.0,Default availability set by nldc
2024-12-31,Juldah 100 MW PP Unit-3 (Acorn),IPP,8*13.5,108.0,100.0,0.0,0.0,Default availability set by nldc
2024-12-31,Juldah unit-2 (Acorn),IPP,8*13.6,108.8,100.0,0.0,0.0,Default availability set by nldc
2024-12-31,Kamalaghat 54 MW PP(Banco Energy),IPP,3*18,54.0,54.0,14.0,20520.0,-
2024-12-31,Kanchan Purbachal Power Generation Ltd.,IPP,18.4*3,55.2,36.09,17.0,220680.0,Alternator-03 under maintenace
2024-12-31,Kaptai 7 MW Solar PP,PDB,0,0.0,7.0,0.0,19461.0,Default availability set by nldc
2024-12-31,"Karnaphuli Hydro PP Unit-1,2,3,4, 5",PDB,2*40+3*50,230.0,230.0,26.0,762840.0,Default availability set by nldc
2024-12-31,Karnaphuli Power Ltd.,IPP,18.415*6+6.5,110.49,110.0,0.0,0.0,Default availability set by nldc
2024-12-31,Katakhali 50 MW Peaking PP,PDB,6*8.7,52.2,50.0,0.0,0.0,-
2024-12-31,Keraniganj 100 MW PP (Powerpac),QRPP,8*13.45,107.6,20.0,0.0,0.0,-
2024-12-31,Khulna 225 MW CCPP,NWPGCL,1X150+1X75,225.0,230.0,0.0,0.0,Default availability set by nldc
2024-12-31,Khulna 330 MW CCPP,PDB,1*220+1*110,330.0,336.0,0.0,0.0,Default availability set by nldc
2024-12-31,Kodda 149 MW PP Unit-1 (Summit),IPP,8*18.45+8.97,147.6,149.0,0.0,0.0,Default availability set by nldc
2024-12-31,Kodda 150 MW PP B-R,PDB-RPCL,9*17.06,153.54,149.0,32.0,242400.0,Default availability set by nldc
2024-12-31,Kodda 300 MW PP Unit-2 (Summit),IPP,18*17.06,307.08,300.0,0.0,0.0,Default availability set by nldc
2024-12-31,Kushiara 163 MW CCPP (KP),IPP,1*109+1*54,163.0,163.0,120.0,3439964.0,Default availability set by nldc
2024-12-31,Madanganj-55 MW PP(Summit),IPP,3*17+1*11.3,62.3,55.0,0.0,0.0,Default availability set by nldc
2024-12-31,Madhumati 100 MW PP,NWPGCL,6*18,108.0,105.0,0.0,0.0,Liquid fuel shortage
2024-12-31,"Malancha, Ctg. EPZ (United)",IPP,5*8.73+3*9.34,71.67,33.0,14.0,509280.0,Default availability set by nldc
2024-12-31,Manikganj 55 MW PP (Northern),IPP,19.3*3,57.9,55.0,0.0,0.0,Default availability set by nldc
2024-12-31,Manikgonj 162MW PP(MPGL),IPP,9*18,162.0,162.0,17.0,33120.0,Default availability set by nldc
2024-12-31,Maona 33 MW PP(Summit),IPP,4*8.73,34.92,33.0,22.0,522720.0,Default availability set by nldc
2024-12-31,Matarbari 2*600 MW (CPGCBL),CPGCL,2*600,1200.0,1150.0,575.0,10436363.6,U1 S/D 09/Oct/24 (Maintenance Work)
2024-12-31,Meghnaghat 104 MW PP (OPCL),IPP,6*18.5,111.0,104.0,0.0,0.0,Liquid fuel shortage
2024-12-31,Meghnaghat 450 MW CCPP (MPL),IPP,2*150+1*150,450.0,450.0,330.0,7618000.0,-
2024-12-31,Meghnaghat CCPP(Summit),IPP,2*110+1*110,330.0,335.0,0.0,0.0,-
2024-12-31,Meghnaghat CCPP(Summit)-2,IPP,0,0.0,583.0,0.0,0.0,Gas shortage
2024-12-31,Mirsharai 150 MW,IPP,18.5*9,166.5,159.86,0.0,0.0,-
2024-12-31,Mongla Orion 100 MW Solar PP,IPP,100,100.0,100.0,0.0,435600.0,Default availability set by nldc
2024-12-31,Mymensingh 200 MW PP (United),IPP,9.78*21,205.38,200.0,55.0,369600.0,-
2024-12-31,Nababganj 55 MW PP (Southern power ),IPP,19.3*3,57.9,55.0,17.0,46880.0,Default availability set by nldc
2024-12-31,Natore 52 MW PP (Rajlanka),IPP,6*8.92,53.52,52.0,0.0,0.0,-
2024-12-31,Pabna Solar 100 MW,IPP,0,0.0,100.0,0.0,47022.0,Default availability set by nldc
2024-12-31,Patenga 50MW PP (Baraka),IPP,8*6.98,55.84,50.0,18.0,20160.0,Default availability set by nldc
2024-12-31,Payra 1320 MW,BCPCL,2*622,1244.0,1244.0,400.0,9786181.82,-
2024-12-31,RPCL 210MW CCPP,RPCL,4*35+1*70,210.0,210.0,4.0,81600.0,Low gas pressure
2024-12-31,Rampal 1320 MW (BIFPCL),PDB,660*2,1320.0,1234.0,1157.0,21432730.0,-
2024-12-31,Rangpur 113 MW PP (Confidence),IPP,9*6.984+7*7.015+3.15*2,118.261,113.0,0.0,0.0,-
2024-12-31,Rangpur 20 MW GTPP,PDB,1*20,20.0,20.0,0.0,0.0,Default availability set by nldc
2024-12-31,Raozan 25 MW PP,IPP,3*8.9,26.7,25.0,0.0,0.0,-
2024-12-31,Rupganj 33 MW PP(Summit),IPP,4*8.73,34.92,33.0,20.0,585500.0,Low gas pressure
2024-12-31,Rupsha 105 MW PP (Orion rupsha),IPP,6*18.445,110.67,105.0,0.0,0.0,Liquid fuel shortage
2024-12-31,SS Power,IPP,2*660,1320.0,1320.0,606.0,9883635.0,Partial Shutdown due to maintenance
2024-12-31,Saidpur 20 MW GTPP,PDB,1*20,20.0,20.0,0.0,0.0,Default availability set by nldc
2024-12-31,Santahar 50 MW Peaking PP,PDB,6*8.7,52.2,50.0,0.0,0.0,Default availability set by nldc
2024-12-31,Sarishabari 3 MW Solar Plant,IPP,0,0.0,3.0,0.0,4500.0,Default availability set by nldc
2024-12-31,Shahjahanulla 25 MW PP,"SIPP,REB",3*9.34,28.02,25.0,13.0,349344.0,Default availability set by nldc
2024-12-31,Shahjibazar 100 MW GTPP,PDB,1*100,100.0,100.0,0.0,0.0,Default availability set by nldc
2024-12-31,Shahjibazar 86MW PP (Shahjibazar),RPP,32*2.90,92.8,86.0,56.0,920640.0,-
2024-12-31,Shahjibazar GTPP Unit- 8 & 9,PDB,2*35,70.0,66.0,25.0,577440.0,Default availability set by nldc
2024-12-31,Shajibazar 330 MW CCPP,PDB,3*110,330.0,330.0,0.0,0.0,Default availability set by nldc
2024-12-31,Siddhirganj 335 MW CCPP,EGCB,1*217+118,217.0,335.0,230.0,5025711.0,-
2024-12-31,Siddhirgonj 2*120 MW GTPP,EGCB,2*105,210.0,210.0,0.0,0.0,-
2024-12-31,Siddhirgonj 210 MW TPP,PDB,1*210,210.0,115.0,0.0,0.0,Default availability set by nldc
2024-12-31,Sikalbaha 105 MW PP (Baraka Sikalbaha),IPP,6*17.5,105.0,105.0,0.0,0.0,Bill delay and high diff. of USD exchange rate
2024-12-31,Sikalbaha 225MW CCPP,PDB,1*150+1*75,225.0,225.0,227.0,5242709.0,Default availability set by nldc
2024-12-31,Sikalbaha Peaking GT,PDB,1*150,150.0,150.0,0.0,0.0,Default availability set by nldc
2024-12-31,Sirajganj 68 MW Solar Park,IPP,0,0.0,68.0,0.0,126748.0,Default availability set by nldc
2024-12-31,Sirajgonj 225MW CCPP Unit-1,NWPGCL,1*150+1*75,225.0,214.0,168.0,3920455.0,Gas shortage
2024-12-31,Sirajgonj 225MW CCPP Unit-2,NWPGCL,1*150+1*75,225.0,220.0,206.0,4059755.0,Gas shortage
2024-12-31,Sirajgonj 225MW CCPP Unit-3,NWPGCL,1*141,141.0,220.0,187.0,4128555.0,Gas shortage
2024-12-31,Sirajgonj 400 MW CCPP Unit-4,NWPGCL,1*282+1*132,414.0,414.0,0.0,0.0,Default availability set by nldc
2024-12-31,Sirajgonj 6.55 MW Solar,NWPGCL,0,0.0,6.09,0.0,12060.0,Default availability set by nldc
2024-12-31,Sonagazi 75 MW (AC) Solar Power Plant,EGCB,0,0.0,75.0,0.0,393091.0,Default availability set by nldc
2024-12-31,Spectra Solar Plant Ltd.,IPP,0,0.0,35.0,0.0,158482.0,Default availability set by nldc
2024-12-31,Sreepur 150 MW PP,PDB-RPCL,9*18,162.0,150.0,0.0,0.0,Default availability set by nldc
2024-12-31,Summit Power Ashulia,IPP,0,0.0,33.75,19.0,411600.0,Low gas pressure
2024-12-31,Summit Power Madhabdi,IPP,3*3.67+4*8.73,45.93,23.0,22.0,505440.0,Default availability set by nldc
2024-12-31,Sutiakhali 50 MW Solar PP,IPP,0,0.0,50.0,0.0,226560.0,Default availability set by nldc
2024-12-31,Sylhet 20 MW GTPP,PDB,1*20,20.0,20.0,0.0,0.0,Default availability set by nldc
2024-12-31,Sylhet 225 MW CCPP,PDB,1*142+1*89,231.0,231.0,209.0,5307630.0,Default availability set by nldc
2024-12-31,Sympa Solar Power 8 MW,IPP,0,0.0,8.0,0.0,25047.96,Default availability set by nldc
2024-12-31,Tangail Palli Power Gen 22 MW,IPP,4*6.7,26.8,22.0,0.0,42960.0,Ready to Dispatch as per NLDC Demand.
2024-12-31,Teesta Solar Limited,BCPCL,0,0.0,200.0,0.0,509040.0,Default availability set by nldc
2024-12-31,Teknaf 20MW PP (Solartech),IPP,0,0.0,20.0,0.0,125955.0,Default availability set by nldc
2024-12-31,Titas 50 MW Peaking PP,PDB,6*8.92,53.52,52.0,0.0,0.0,-
2024-12-31,Tongi 80 MW GTPP,PDB,1* 105,105.0,105.0,0.0,0.0,Default availability set by nldc
2024-12-31,Ullapara 11 MW PP (Summit),"SIPP,REB",4*2.90,11.6,11.0,8.5,153234.0,Partial Shutdown due to maintenance
2024-12-31,Unique Meghnaghat Power Limited (UMPL),IPP,0,0.0,584.0,300.0,7233636.0,-
2024-12-31,United Payra Power Ltd.,IPP,8*18.5+1*9.5,157.5,150.0,17.0,27600.0,-
